;Data;Sinal de Compra (MACD);Compra_MACD_1;Compra_MACD_2;Compra_MACD_3;Compra_MACD_5;Compra_MACD_7;Compra_MACD_9;Compra_MACD_14;Compra_MACD_21
1298;2016-02-26;0;0.0;0.0;0.0;0.0;0.0;0.0;0.0;0.0
1297;2016-02-29;0;0.0;0.0;0.0;0.0;0.0;0.0;0.0;0.0
1296;2016-03-01;0;0.0;0.0;0.0;0.0;0.0;0.0;0.0;0.0
1295;2016-03-02;0;0.0;0.0;0.0;0.0;0.0;0.0;0.0;0.0
1294;2016-03-03;1;1.0;1.0;1.0;1.0;0.0;0.0;0.0;0.0
1293;2016-03-04;0;0.0;1.0;1.0;1.0;0.0;0.0;0.0;0.0
1292;2016-03-07;0;0.0;0.0;1.0;1.0;1.0;0.0;0.0;0.0
1291;2016-03-08;0;0.0;0.0;0.0;1.0;1.0;0.0;0.0;0.0
1290;2016-03-09;0;0.0;0.0;0.0;1.0;1.0;1.0;0.0;0.0
1289;2016-03-10;0;0.0;0.0;0.0;0.0;1.0;1.0;0.0;0.0
1288;2016-03-11;0;0.0;0.0;0.0;0.0;1.0;1.0;0.0;0.0
1287;2016-03-14;0;0.0;0.0;0.0;0.0;0.0;1.0;0.0;0.0
1286;2016-03-15;0;0.0;0.0;0.0;0.0;0.0;1.0;0.0;0.0
1285;2016-03-16;0;0.0;0.0;0.0;0.0;0.0;0.0;1.0;0.0
1284;2016-03-17;0;0.0;0.0;0.0;0.0;0.0;0.0;1.0;0.0
1283;2016-03-18;0;0.0;0.0;0.0;0.0;0.0;0.0;1.0;0.0
1282;2016-03-21;0;0.0;0.0;0.0;0.0;0.0;0.0;1.0;0.0
1281;2016-03-22;0;0.0;0.0;0.0;0.0;0.0;0.0;1.0;0.0
1280;2016-03-23;0;0.0;0.0;0.0;0.0;0.0;0.0;0.0;0.0
1279;2016-03-24;0;0.0;0.0;0.0;0.0;0.0;0.0;0.0;0.0
1278;2016-03-28;0;0.0;0.0;0.0;0.0;0.0;0.0;0.0;1.0
1277;2016-03-29;0;0.0;0.0;0.0;0.0;0.0;0.0;0.0;1.0
1276;2016-03-30;0;0.0;0.0;0.0;0.0;0.0;0.0;0.0;1.0
1275;2016-03-31;0;0.0;0.0;0.0;0.0;0.0;0.0;0.0;1.0
1274;2016-04-01;0;0.0;0.0;0.0;0.0;0.0;0.0;0.0;1.0
1273;2016-04-04;0;0.0;0.0;0.0;0.0;0.0;0.0;0.0;0.0
1272;2016-04-05;0;0.0;0.0;0.0;0.0;0.0;0.0;0.0;0.0
1271;2016-04-06;0;0.0;0.0;0.0;0.0;0.0;0.0;0.0;0.0
1270;2016-04-07;0;0.0;0.0;0.0;0.0;0.0;0.0;0.0;0.0
1269;2016-04-08;0;0.0;0.0;0.0;0.0;0.0;0.0;0.0;0.0
1268;2016-04-11;0;0.0;0.0;0.0;0.0;0.0;0.0;0.0;0.0
1267;2016-04-12;0;0.0;0.0;0.0;0.0;0.0;0.0;0.0;0.0
1266;2016-04-13;0;0.0;0.0;0.0;0.0;0.0;0.0;0.0;0.0
1265;2016-04-14;1;1.0;1.0;1.0;1.0;1.0;1.0;1.0;1.0
1264;2016-04-15;0;0.0;1.0;1.0;1.0;1.0;1.0;1.0;1.0
1263;2016-04-18;0;0.0;0.0;1.0;1.0;1.0;1.0;1.0;1.0
1262;2016-04-19;0;0.0;0.0;0.0;1.0;1.0;1.0;1.0;1.0
1261;2016-04-20;0;0.0;0.0;0.0;1.0;1.0;1.0;1.0;1.0
1260;2016-04-22;0;0.0;0.0;0.0;0.0;1.0;1.0;1.0;1.0
1259;2016-04-25;0;0.0;0.0;0.0;0.0;1.0;1.0;1.0;1.0
1258;2016-04-26;0;0.0;0.0;0.0;0.0;0.0;1.0;1.0;1.0
1257;2016-04-27;1;1.0;1.0;1.0;1.0;1.0;2.0;2.0;2.0
1256;2016-04-28;0;0.0;1.0;1.0;1.0;1.0;1.0;2.0;2.0
1255;2016-04-29;0;0.0;0.0;1.0;1.0;1.0;1.0;2.0;2.0
1254;2016-05-02;0;0.0;0.0;0.0;1.0;1.0;1.0;2.0;2.0
1253;2016-05-03;0;0.0;0.0;0.0;1.0;1.0;1.0;2.0;2.0
1252;2016-05-04;0;0.0;0.0;0.0;0.0;1.0;1.0;2.0;2.0
1251;2016-05-05;0;0.0;0.0;0.0;0.0;1.0;1.0;1.0;2.0
1250;2016-05-06;0;0.0;0.0;0.0;0.0;0.0;1.0;1.0;2.0
1249;2016-05-09;0;0.0;0.0;0.0;0.0;0.0;1.0;1.0;2.0
1248;2016-05-10;0;0.0;0.0;0.0;0.0;0.0;0.0;1.0;2.0
1247;2016-05-11;0;0.0;0.0;0.0;0.0;0.0;0.0;1.0;2.0
1246;2016-05-12;0;0.0;0.0;0.0;0.0;0.0;0.0;1.0;2.0
1245;2016-05-13;0;0.0;0.0;0.0;0.0;0.0;0.0;1.0;2.0
1244;2016-05-16;0;0.0;0.0;0.0;0.0;0.0;0.0;1.0;1.0
1243;2016-05-17;0;0.0;0.0;0.0;0.0;0.0;0.0;0.0;1.0
1242;2016-05-18;0;0.0;0.0;0.0;0.0;0.0;0.0;0.0;1.0
1241;2016-05-19;0;0.0;0.0;0.0;0.0;0.0;0.0;0.0;1.0
1240;2016-05-20;0;0.0;0.0;0.0;0.0;0.0;0.0;0.0;1.0
1239;2016-05-23;0;0.0;0.0;0.0;0.0;0.0;0.0;0.0;1.0
1238;2016-05-24;0;0.0;0.0;0.0;0.0;0.0;0.0;0.0;1.0
1237;2016-05-25;0;0.0;0.0;0.0;0.0;0.0;0.0;0.0;1.0
1236;2016-05-27;0;0.0;0.0;0.0;0.0;0.0;0.0;0.0;0.0
1235;2016-05-30;0;0.0;0.0;0.0;0.0;0.0;0.0;0.0;0.0
1234;2016-05-31;0;0.0;0.0;0.0;0.0;0.0;0.0;0.0;0.0
1233;2016-06-01;0;0.0;0.0;0.0;0.0;0.0;0.0;0.0;0.0
1232;2016-06-02;0;0.0;0.0;0.0;0.0;0.0;0.0;0.0;0.0
1231;2016-06-03;0;0.0;0.0;0.0;0.0;0.0;0.0;0.0;0.0
1230;2016-06-06;0;0.0;0.0;0.0;0.0;0.0;0.0;0.0;0.0
1229;2016-06-07;0;0.0;0.0;0.0;0.0;0.0;0.0;0.0;0.0
1228;2016-06-08;1;1.0;1.0;1.0;1.0;1.0;1.0;1.0;1.0
1227;2016-06-09;0;0.0;1.0;1.0;1.0;1.0;1.0;1.0;1.0
1226;2016-06-10;0;0.0;0.0;1.0;1.0;1.0;1.0;1.0;1.0
1225;2016-06-13;0;0.0;0.0;0.0;1.0;1.0;1.0;1.0;1.0
1224;2016-06-14;0;0.0;0.0;0.0;1.0;1.0;1.0;1.0;1.0
1223;2016-06-15;0;0.0;0.0;0.0;0.0;1.0;1.0;1.0;1.0
1222;2016-06-16;0;0.0;0.0;0.0;0.0;1.0;1.0;1.0;1.0
1221;2016-06-17;1;1.0;1.0;1.0;1.0;1.0;2.0;2.0;2.0
1220;2016-06-20;0;0.0;1.0;1.0;1.0;1.0;2.0;2.0;2.0
1219;2016-06-21;0;0.0;0.0;1.0;1.0;1.0;1.0;2.0;2.0
1218;2016-06-22;0;0.0;0.0;0.0;1.0;1.0;1.0;2.0;2.0
1217;2016-06-23;0;0.0;0.0;0.0;1.0;1.0;1.0;2.0;2.0
1216;2016-06-24;0;0.0;0.0;0.0;0.0;1.0;1.0;2.0;2.0
1215;2016-06-27;0;0.0;0.0;0.0;0.0;1.0;1.0;2.0;2.0
1214;2016-06-28;0;0.0;0.0;0.0;0.0;0.0;1.0;1.0;2.0
1213;2016-06-29;0;0.0;0.0;0.0;0.0;0.0;1.0;1.0;2.0
1212;2016-06-30;0;0.0;0.0;0.0;0.0;0.0;0.0;1.0;2.0
1211;2016-07-01;0;0.0;0.0;0.0;0.0;0.0;0.0;1.0;2.0
1210;2016-07-04;0;0.0;0.0;0.0;0.0;0.0;0.0;1.0;2.0
1209;2016-07-05;0;0.0;0.0;0.0;0.0;0.0;0.0;1.0;2.0
1208;2016-07-06;0;0.0;0.0;0.0;0.0;0.0;0.0;1.0;2.0
1207;2016-07-07;0;0.0;0.0;0.0;0.0;0.0;0.0;0.0;1.0
1206;2016-07-08;0;0.0;0.0;0.0;0.0;0.0;0.0;0.0;1.0
1205;2016-07-11;0;0.0;0.0;0.0;0.0;0.0;0.0;0.0;1.0
1204;2016-07-12;0;0.0;0.0;0.0;0.0;0.0;0.0;0.0;1.0
1203;2016-07-13;0;0.0;0.0;0.0;0.0;0.0;0.0;0.0;1.0
1202;2016-07-14;0;0.0;0.0;0.0;0.0;0.0;0.0;0.0;1.0
1201;2016-07-15;0;0.0;0.0;0.0;0.0;0.0;0.0;0.0;1.0
1200;2016-07-18;0;0.0;0.0;0.0;0.0;0.0;0.0;0.0;0.0
1199;2016-07-19;0;0.0;0.0;0.0;0.0;0.0;0.0;0.0;0.0
1198;2016-07-20;0;0.0;0.0;0.0;0.0;0.0;0.0;0.0;0.0
1197;2016-07-21;0;0.0;0.0;0.0;0.0;0.0;0.0;0.0;0.0
1196;2016-07-22;0;0.0;0.0;0.0;0.0;0.0;0.0;0.0;0.0
1195;2016-07-25;0;0.0;0.0;0.0;0.0;0.0;0.0;0.0;0.0
1194;2016-07-26;0;0.0;0.0;0.0;0.0;0.0;0.0;0.0;0.0
1193;2016-07-27;0;0.0;0.0;0.0;0.0;0.0;0.0;0.0;0.0
1192;2016-07-28;0;0.0;0.0;0.0;0.0;0.0;0.0;0.0;0.0
1191;2016-07-29;0;0.0;0.0;0.0;0.0;0.0;0.0;0.0;0.0
1190;2016-08-01;0;0.0;0.0;0.0;0.0;0.0;0.0;0.0;0.0
1189;2016-08-02;0;0.0;0.0;0.0;0.0;0.0;0.0;0.0;0.0
1188;2016-08-03;0;0.0;0.0;0.0;0.0;0.0;0.0;0.0;0.0
1187;2016-08-04;0;0.0;0.0;0.0;0.0;0.0;0.0;0.0;0.0
1186;2016-08-05;0;0.0;0.0;0.0;0.0;0.0;0.0;0.0;0.0
1185;2016-08-08;0;0.0;0.0;0.0;0.0;0.0;0.0;0.0;0.0
1184;2016-08-09;0;0.0;0.0;0.0;0.0;0.0;0.0;0.0;0.0
1183;2016-08-10;0;0.0;0.0;0.0;0.0;0.0;0.0;0.0;0.0
1182;2016-08-11;0;0.0;0.0;0.0;0.0;0.0;0.0;0.0;0.0
1181;2016-08-12;0;0.0;0.0;0.0;0.0;0.0;0.0;0.0;0.0
1180;2016-08-15;0;0.0;0.0;0.0;0.0;0.0;0.0;0.0;0.0
1179;2016-08-16;0;0.0;0.0;0.0;0.0;0.0;0.0;0.0;0.0
1178;2016-08-17;1;1.0;1.0;1.0;1.0;1.0;1.0;1.0;1.0
1177;2016-08-18;0;0.0;1.0;1.0;1.0;1.0;1.0;1.0;1.0
1176;2016-08-19;0;0.0;0.0;1.0;1.0;1.0;1.0;1.0;1.0
1175;2016-08-22;0;0.0;0.0;0.0;1.0;1.0;1.0;1.0;1.0
1174;2016-08-23;0;0.0;0.0;0.0;1.0;1.0;1.0;1.0;1.0
1173;2016-08-24;0;0.0;0.0;0.0;0.0;1.0;1.0;1.0;1.0
1172;2016-08-25;0;0.0;0.0;0.0;0.0;1.0;1.0;1.0;1.0
1171;2016-08-26;0;0.0;0.0;0.0;0.0;0.0;1.0;1.0;1.0
1170;2016-08-29;0;0.0;0.0;0.0;0.0;0.0;1.0;1.0;1.0
1169;2016-08-30;0;0.0;0.0;0.0;0.0;0.0;0.0;1.0;1.0
1168;2016-08-31;0;0.0;0.0;0.0;0.0;0.0;0.0;1.0;1.0
1167;2016-09-01;0;0.0;0.0;0.0;0.0;0.0;0.0;1.0;1.0
1166;2016-09-02;1;1.0;1.0;1.0;1.0;1.0;1.0;2.0;2.0
1165;2016-09-05;0;0.0;1.0;1.0;1.0;1.0;1.0;2.0;2.0
1164;2016-09-06;0;0.0;0.0;1.0;1.0;1.0;1.0;1.0;2.0
1163;2016-09-08;0;0.0;0.0;0.0;1.0;1.0;1.0;1.0;2.0
1162;2016-09-09;0;0.0;0.0;0.0;1.0;1.0;1.0;1.0;2.0
1161;2016-09-12;0;0.0;0.0;0.0;0.0;1.0;1.0;1.0;2.0
1160;2016-09-13;0;0.0;0.0;0.0;0.0;1.0;1.0;1.0;2.0
1159;2016-09-14;0;0.0;0.0;0.0;0.0;0.0;1.0;1.0;2.0
1158;2016-09-15;0;0.0;0.0;0.0;0.0;0.0;1.0;1.0;2.0
1157;2016-09-16;0;0.0;0.0;0.0;0.0;0.0;0.0;1.0;1.0
1156;2016-09-19;0;0.0;0.0;0.0;0.0;0.0;0.0;1.0;1.0
1155;2016-09-20;0;0.0;0.0;0.0;0.0;0.0;0.0;1.0;1.0
1154;2016-09-21;0;0.0;0.0;0.0;0.0;0.0;0.0;1.0;1.0
1153;2016-09-22;0;0.0;0.0;0.0;0.0;0.0;0.0;1.0;1.0
1152;2016-09-23;0;0.0;0.0;0.0;0.0;0.0;0.0;0.0;1.0
1151;2016-09-26;0;0.0;0.0;0.0;0.0;0.0;0.0;0.0;1.0
1150;2016-09-27;0;0.0;0.0;0.0;0.0;0.0;0.0;0.0;1.0
1149;2016-09-28;0;0.0;0.0;0.0;0.0;0.0;0.0;0.0;1.0
1148;2016-09-29;0;0.0;0.0;0.0;0.0;0.0;0.0;0.0;1.0
1147;2016-09-30;0;0.0;0.0;0.0;0.0;0.0;0.0;0.0;1.0
1146;2016-10-03;0;0.0;0.0;0.0;0.0;0.0;0.0;0.0;1.0
1145;2016-10-04;0;0.0;0.0;0.0;0.0;0.0;0.0;0.0;0.0
1144;2016-10-05;1;1.0;1.0;1.0;1.0;1.0;1.0;1.0;1.0
1143;2016-10-06;0;0.0;1.0;1.0;1.0;1.0;1.0;1.0;1.0
1142;2016-10-07;0;0.0;0.0;1.0;1.0;1.0;1.0;1.0;1.0
1141;2016-10-10;0;0.0;0.0;0.0;1.0;1.0;1.0;1.0;1.0
1140;2016-10-11;0;0.0;0.0;0.0;1.0;1.0;1.0;1.0;1.0
1139;2016-10-13;0;0.0;0.0;0.0;0.0;1.0;1.0;1.0;1.0
1138;2016-10-14;0;0.0;0.0;0.0;0.0;1.0;1.0;1.0;1.0
1137;2016-10-17;0;0.0;0.0;0.0;0.0;0.0;1.0;1.0;1.0
1136;2016-10-18;0;0.0;0.0;0.0;0.0;0.0;1.0;1.0;1.0
1135;2016-10-19;0;0.0;0.0;0.0;0.0;0.0;0.0;1.0;1.0
1134;2016-10-20;0;0.0;0.0;0.0;0.0;0.0;0.0;1.0;1.0
1133;2016-10-21;0;0.0;0.0;0.0;0.0;0.0;0.0;1.0;1.0
1132;2016-10-24;0;0.0;0.0;0.0;0.0;0.0;0.0;1.0;1.0
1131;2016-10-25;0;0.0;0.0;0.0;0.0;0.0;0.0;1.0;1.0
1130;2016-10-26;0;0.0;0.0;0.0;0.0;0.0;0.0;0.0;1.0
1129;2016-10-27;0;0.0;0.0;0.0;0.0;0.0;0.0;0.0;1.0
1128;2016-10-28;0;0.0;0.0;0.0;0.0;0.0;0.0;0.0;1.0
1127;2016-10-31;0;0.0;0.0;0.0;0.0;0.0;0.0;0.0;1.0
1126;2016-11-01;0;0.0;0.0;0.0;0.0;0.0;0.0;0.0;1.0
1125;2016-11-03;0;0.0;0.0;0.0;0.0;0.0;0.0;0.0;1.0
1124;2016-11-04;0;0.0;0.0;0.0;0.0;0.0;0.0;0.0;1.0
1123;2016-11-07;0;0.0;0.0;0.0;0.0;0.0;0.0;0.0;0.0
1122;2016-11-08;0;0.0;0.0;0.0;0.0;0.0;0.0;0.0;0.0
1121;2016-11-09;0;0.0;0.0;0.0;0.0;0.0;0.0;0.0;0.0
1120;2016-11-10;0;0.0;0.0;0.0;0.0;0.0;0.0;0.0;0.0
1119;2016-11-11;0;0.0;0.0;0.0;0.0;0.0;0.0;0.0;0.0
1118;2016-11-14;0;0.0;0.0;0.0;0.0;0.0;0.0;0.0;0.0
1117;2016-11-16;0;0.0;0.0;0.0;0.0;0.0;0.0;0.0;0.0
1116;2016-11-17;0;0.0;0.0;0.0;0.0;0.0;0.0;0.0;0.0
1115;2016-11-18;0;0.0;0.0;0.0;0.0;0.0;0.0;0.0;0.0
1114;2016-11-21;0;0.0;0.0;0.0;0.0;0.0;0.0;0.0;0.0
1113;2016-11-22;0;0.0;0.0;0.0;0.0;0.0;0.0;0.0;0.0
1112;2016-11-23;0;0.0;0.0;0.0;0.0;0.0;0.0;0.0;0.0
1111;2016-11-24;0;0.0;0.0;0.0;0.0;0.0;0.0;0.0;0.0
1110;2016-11-25;0;0.0;0.0;0.0;0.0;0.0;0.0;0.0;0.0
1109;2016-11-28;0;0.0;0.0;0.0;0.0;0.0;0.0;0.0;0.0
1108;2016-11-29;0;0.0;0.0;0.0;0.0;0.0;0.0;0.0;0.0
1107;2016-11-30;0;0.0;0.0;0.0;0.0;0.0;0.0;0.0;0.0
1106;2016-12-01;0;0.0;0.0;0.0;0.0;0.0;0.0;0.0;0.0
1105;2016-12-02;1;1.0;1.0;1.0;1.0;1.0;1.0;1.0;1.0
1104;2016-12-05;0;0.0;1.0;1.0;1.0;1.0;1.0;1.0;1.0
1103;2016-12-06;0;0.0;0.0;1.0;1.0;1.0;1.0;1.0;1.0
1102;2016-12-07;0;0.0;0.0;0.0;1.0;1.0;1.0;1.0;1.0
1101;2016-12-08;0;0.0;0.0;0.0;1.0;1.0;1.0;1.0;1.0
1100;2016-12-09;0;0.0;0.0;0.0;0.0;1.0;1.0;1.0;1.0
1099;2016-12-12;0;0.0;0.0;0.0;0.0;1.0;1.0;1.0;1.0
1098;2016-12-13;0;0.0;0.0;0.0;0.0;0.0;1.0;1.0;1.0
1097;2016-12-14;0;0.0;0.0;0.0;0.0;0.0;1.0;1.0;1.0
1096;2016-12-15;0;0.0;0.0;0.0;0.0;0.0;0.0;1.0;1.0
1095;2016-12-16;0;0.0;0.0;0.0;0.0;0.0;0.0;1.0;1.0
1094;2016-12-19;0;0.0;0.0;0.0;0.0;0.0;0.0;1.0;1.0
1093;2016-12-20;0;0.0;0.0;0.0;0.0;0.0;0.0;1.0;1.0
1092;2016-12-21;0;0.0;0.0;0.0;0.0;0.0;0.0;1.0;1.0
1091;2016-12-22;0;0.0;0.0;0.0;0.0;0.0;0.0;0.0;1.0
1090;2016-12-23;0;0.0;0.0;0.0;0.0;0.0;0.0;0.0;1.0
1089;2016-12-26;0;0.0;0.0;0.0;0.0;0.0;0.0;0.0;1.0
1088;2016-12-27;0;0.0;0.0;0.0;0.0;0.0;0.0;0.0;1.0
1087;2016-12-28;0;0.0;0.0;0.0;0.0;0.0;0.0;0.0;1.0
1086;2016-12-29;1;1.0;1.0;1.0;1.0;1.0;1.0;1.0;2.0
1085;2017-01-02;0;0.0;1.0;1.0;1.0;1.0;1.0;1.0;2.0
1084;2017-01-03;0;0.0;0.0;1.0;1.0;1.0;1.0;1.0;1.0
1083;2017-01-04;0;0.0;0.0;0.0;1.0;1.0;1.0;1.0;1.0
1082;2017-01-05;0;0.0;0.0;0.0;1.0;1.0;1.0;1.0;1.0
1081;2017-01-06;0;0.0;0.0;0.0;0.0;1.0;1.0;1.0;1.0
1080;2017-01-09;0;0.0;0.0;0.0;0.0;1.0;1.0;1.0;1.0
1079;2017-01-10;0;0.0;0.0;0.0;0.0;0.0;1.0;1.0;1.0
1078;2017-01-11;0;0.0;0.0;0.0;0.0;0.0;1.0;1.0;1.0
1077;2017-01-12;0;0.0;0.0;0.0;0.0;0.0;0.0;1.0;1.0
1076;2017-01-13;0;0.0;0.0;0.0;0.0;0.0;0.0;1.0;1.0
1075;2017-01-16;0;0.0;0.0;0.0;0.0;0.0;0.0;1.0;1.0
1074;2017-01-17;0;0.0;0.0;0.0;0.0;0.0;0.0;1.0;1.0
1073;2017-01-18;0;0.0;0.0;0.0;0.0;0.0;0.0;1.0;1.0
1072;2017-01-19;0;0.0;0.0;0.0;0.0;0.0;0.0;0.0;1.0
1071;2017-01-20;0;0.0;0.0;0.0;0.0;0.0;0.0;0.0;1.0
1070;2017-01-23;0;0.0;0.0;0.0;0.0;0.0;0.0;0.0;1.0
1069;2017-01-24;0;0.0;0.0;0.0;0.0;0.0;0.0;0.0;1.0
1068;2017-01-26;0;0.0;0.0;0.0;0.0;0.0;0.0;0.0;1.0
1067;2017-01-27;0;0.0;0.0;0.0;0.0;0.0;0.0;0.0;1.0
1066;2017-01-30;0;0.0;0.0;0.0;0.0;0.0;0.0;0.0;1.0
1065;2017-01-31;0;0.0;0.0;0.0;0.0;0.0;0.0;0.0;0.0
1064;2017-02-01;0;0.0;0.0;0.0;0.0;0.0;0.0;0.0;0.0
1063;2017-02-02;0;0.0;0.0;0.0;0.0;0.0;0.0;0.0;0.0
1062;2017-02-03;0;0.0;0.0;0.0;0.0;0.0;0.0;0.0;0.0
1061;2017-02-06;0;0.0;0.0;0.0;0.0;0.0;0.0;0.0;0.0
1060;2017-02-07;0;0.0;0.0;0.0;0.0;0.0;0.0;0.0;0.0
1059;2017-02-08;0;0.0;0.0;0.0;0.0;0.0;0.0;0.0;0.0
1058;2017-02-09;0;0.0;0.0;0.0;0.0;0.0;0.0;0.0;0.0
1057;2017-02-10;0;0.0;0.0;0.0;0.0;0.0;0.0;0.0;0.0
1056;2017-02-13;1;1.0;1.0;1.0;1.0;1.0;1.0;1.0;1.0
1055;2017-02-14;0;0.0;1.0;1.0;1.0;1.0;1.0;1.0;1.0
1054;2017-02-15;0;0.0;0.0;1.0;1.0;1.0;1.0;1.0;1.0
1053;2017-02-16;0;0.0;0.0;0.0;1.0;1.0;1.0;1.0;1.0
1052;2017-02-17;0;0.0;0.0;0.0;1.0;1.0;1.0;1.0;1.0
1051;2017-02-20;0;0.0;0.0;0.0;0.0;1.0;1.0;1.0;1.0
1050;2017-02-21;0;0.0;0.0;0.0;0.0;1.0;1.0;1.0;1.0
1049;2017-02-22;0;0.0;0.0;0.0;0.0;0.0;1.0;1.0;1.0
1048;2017-02-23;0;0.0;0.0;0.0;0.0;0.0;1.0;1.0;1.0
1047;2017-02-24;0;0.0;0.0;0.0;0.0;0.0;0.0;1.0;1.0
1046;2017-03-01;0;0.0;0.0;0.0;0.0;0.0;0.0;1.0;1.0
1045;2017-03-02;0;0.0;0.0;0.0;0.0;0.0;0.0;1.0;1.0
1044;2017-03-03;0;0.0;0.0;0.0;0.0;0.0;0.0;1.0;1.0
1043;2017-03-06;0;0.0;0.0;0.0;0.0;0.0;0.0;1.0;1.0
1042;2017-03-07;0;0.0;0.0;0.0;0.0;0.0;0.0;0.0;1.0
1041;2017-03-08;0;0.0;0.0;0.0;0.0;0.0;0.0;0.0;1.0
1040;2017-03-09;0;0.0;0.0;0.0;0.0;0.0;0.0;0.0;1.0
1039;2017-03-10;0;0.0;0.0;0.0;0.0;0.0;0.0;0.0;1.0
1038;2017-03-13;0;0.0;0.0;0.0;0.0;0.0;0.0;0.0;1.0
1037;2017-03-14;0;0.0;0.0;0.0;0.0;0.0;0.0;0.0;1.0
1036;2017-03-15;0;0.0;0.0;0.0;0.0;0.0;0.0;0.0;1.0
1035;2017-03-16;0;0.0;0.0;0.0;0.0;0.0;0.0;0.0;0.0
1034;2017-03-17;0;0.0;0.0;0.0;0.0;0.0;0.0;0.0;0.0
1033;2017-03-20;0;0.0;0.0;0.0;0.0;0.0;0.0;0.0;0.0
1032;2017-03-21;0;0.0;0.0;0.0;0.0;0.0;0.0;0.0;0.0
1031;2017-03-22;0;0.0;0.0;0.0;0.0;0.0;0.0;0.0;0.0
1030;2017-03-23;0;0.0;0.0;0.0;0.0;0.0;0.0;0.0;0.0
1029;2017-03-24;0;0.0;0.0;0.0;0.0;0.0;0.0;0.0;0.0
1028;2017-03-27;0;0.0;0.0;0.0;0.0;0.0;0.0;0.0;0.0
1027;2017-03-28;1;1.0;1.0;1.0;1.0;1.0;1.0;1.0;1.0
1026;2017-03-29;0;0.0;1.0;1.0;1.0;1.0;1.0;1.0;1.0
1025;2017-03-30;0;0.0;0.0;1.0;1.0;1.0;1.0;1.0;1.0
1024;2017-03-31;0;0.0;0.0;0.0;1.0;1.0;1.0;1.0;1.0
1023;2017-04-03;0;0.0;0.0;0.0;1.0;1.0;1.0;1.0;1.0
1022;2017-04-04;0;0.0;0.0;0.0;0.0;1.0;1.0;1.0;1.0
1021;2017-04-05;0;0.0;0.0;0.0;0.0;1.0;1.0;1.0;1.0
1020;2017-04-06;0;0.0;0.0;0.0;0.0;0.0;1.0;1.0;1.0
1019;2017-04-07;0;0.0;0.0;0.0;0.0;0.0;1.0;1.0;1.0
1018;2017-04-10;0;0.0;0.0;0.0;0.0;0.0;0.0;1.0;1.0
1017;2017-04-11;0;0.0;0.0;0.0;0.0;0.0;0.0;1.0;1.0
1016;2017-04-12;0;0.0;0.0;0.0;0.0;0.0;0.0;1.0;1.0
1015;2017-04-13;0;0.0;0.0;0.0;0.0;0.0;0.0;1.0;1.0
1014;2017-04-17;0;0.0;0.0;0.0;0.0;0.0;0.0;1.0;1.0
1013;2017-04-18;0;0.0;0.0;0.0;0.0;0.0;0.0;0.0;1.0
1012;2017-04-19;0;0.0;0.0;0.0;0.0;0.0;0.0;0.0;1.0
1011;2017-04-20;0;0.0;0.0;0.0;0.0;0.0;0.0;0.0;1.0
1010;2017-04-24;0;0.0;0.0;0.0;0.0;0.0;0.0;0.0;1.0
1009;2017-04-25;0;0.0;0.0;0.0;0.0;0.0;0.0;0.0;1.0
1008;2017-04-26;0;0.0;0.0;0.0;0.0;0.0;0.0;0.0;1.0
1007;2017-04-27;0;0.0;0.0;0.0;0.0;0.0;0.0;0.0;1.0
1006;2017-04-28;0;0.0;0.0;0.0;0.0;0.0;0.0;0.0;0.0
1005;2017-05-02;0;0.0;0.0;0.0;0.0;0.0;0.0;0.0;0.0
1004;2017-05-03;0;0.0;0.0;0.0;0.0;0.0;0.0;0.0;0.0
1003;2017-05-04;0;0.0;0.0;0.0;0.0;0.0;0.0;0.0;0.0
1002;2017-05-05;0;0.0;0.0;0.0;0.0;0.0;0.0;0.0;0.0
1001;2017-05-08;1;1.0;1.0;1.0;1.0;1.0;1.0;1.0;1.0
1000;2017-05-09;0;0.0;1.0;1.0;1.0;1.0;1.0;1.0;1.0
999;2017-05-10;0;0.0;0.0;1.0;1.0;1.0;1.0;1.0;1.0
998;2017-05-11;0;0.0;0.0;0.0;1.0;1.0;1.0;1.0;1.0
997;2017-05-12;0;0.0;0.0;0.0;1.0;1.0;1.0;1.0;1.0
996;2017-05-15;0;0.0;0.0;0.0;0.0;1.0;1.0;1.0;1.0
995;2017-05-16;0;0.0;0.0;0.0;0.0;1.0;1.0;1.0;1.0
994;2017-05-17;0;0.0;0.0;0.0;0.0;0.0;1.0;1.0;1.0
993;2017-05-18;0;0.0;0.0;0.0;0.0;0.0;1.0;1.0;1.0
992;2017-05-19;0;0.0;0.0;0.0;0.0;0.0;0.0;1.0;1.0
991;2017-05-22;0;0.0;0.0;0.0;0.0;0.0;0.0;1.0;1.0
990;2017-05-23;0;0.0;0.0;0.0;0.0;0.0;0.0;1.0;1.0
989;2017-05-24;0;0.0;0.0;0.0;0.0;0.0;0.0;1.0;1.0
988;2017-05-25;0;0.0;0.0;0.0;0.0;0.0;0.0;1.0;1.0
987;2017-05-26;0;0.0;0.0;0.0;0.0;0.0;0.0;0.0;1.0
986;2017-05-29;0;0.0;0.0;0.0;0.0;0.0;0.0;0.0;1.0
985;2017-05-30;0;0.0;0.0;0.0;0.0;0.0;0.0;0.0;1.0
984;2017-05-31;0;0.0;0.0;0.0;0.0;0.0;0.0;0.0;1.0
983;2017-06-01;0;0.0;0.0;0.0;0.0;0.0;0.0;0.0;1.0
982;2017-06-02;0;0.0;0.0;0.0;0.0;0.0;0.0;0.0;1.0
981;2017-06-05;0;0.0;0.0;0.0;0.0;0.0;0.0;0.0;1.0
980;2017-06-06;0;0.0;0.0;0.0;0.0;0.0;0.0;0.0;0.0
979;2017-06-07;0;0.0;0.0;0.0;0.0;0.0;0.0;0.0;0.0
978;2017-06-08;0;0.0;0.0;0.0;0.0;0.0;0.0;0.0;0.0
977;2017-06-09;0;0.0;0.0;0.0;0.0;0.0;0.0;0.0;0.0
976;2017-06-12;0;0.0;0.0;0.0;0.0;0.0;0.0;0.0;0.0
975;2017-06-13;0;0.0;0.0;0.0;0.0;0.0;0.0;0.0;0.0
974;2017-06-14;0;0.0;0.0;0.0;0.0;0.0;0.0;0.0;0.0
973;2017-06-16;0;0.0;0.0;0.0;0.0;0.0;0.0;0.0;0.0
972;2017-06-19;0;0.0;0.0;0.0;0.0;0.0;0.0;0.0;0.0
971;2017-06-20;0;0.0;0.0;0.0;0.0;0.0;0.0;0.0;0.0
970;2017-06-21;0;0.0;0.0;0.0;0.0;0.0;0.0;0.0;0.0
969;2017-06-22;0;0.0;0.0;0.0;0.0;0.0;0.0;0.0;0.0
968;2017-06-23;0;0.0;0.0;0.0;0.0;0.0;0.0;0.0;0.0
967;2017-06-26;0;0.0;0.0;0.0;0.0;0.0;0.0;0.0;0.0
966;2017-06-27;0;0.0;0.0;0.0;0.0;0.0;0.0;0.0;0.0
965;2017-06-28;1;1.0;1.0;1.0;1.0;1.0;1.0;1.0;1.0
964;2017-06-29;0;0.0;1.0;1.0;1.0;1.0;1.0;1.0;1.0
963;2017-06-30;0;0.0;0.0;1.0;1.0;1.0;1.0;1.0;1.0
962;2017-07-03;0;0.0;0.0;0.0;1.0;1.0;1.0;1.0;1.0
961;2017-07-04;0;0.0;0.0;0.0;1.0;1.0;1.0;1.0;1.0
960;2017-07-05;0;0.0;0.0;0.0;0.0;1.0;1.0;1.0;1.0
959;2017-07-06;0;0.0;0.0;0.0;0.0;1.0;1.0;1.0;1.0
958;2017-07-07;0;0.0;0.0;0.0;0.0;0.0;1.0;1.0;1.0
957;2017-07-10;0;0.0;0.0;0.0;0.0;0.0;1.0;1.0;1.0
956;2017-07-11;0;0.0;0.0;0.0;0.0;0.0;0.0;1.0;1.0
955;2017-07-12;0;0.0;0.0;0.0;0.0;0.0;0.0;1.0;1.0
954;2017-07-13;0;0.0;0.0;0.0;0.0;0.0;0.0;1.0;1.0
953;2017-07-14;0;0.0;0.0;0.0;0.0;0.0;0.0;1.0;1.0
952;2017-07-17;0;0.0;0.0;0.0;0.0;0.0;0.0;1.0;1.0
951;2017-07-18;0;0.0;0.0;0.0;0.0;0.0;0.0;0.0;1.0
950;2017-07-19;0;0.0;0.0;0.0;0.0;0.0;0.0;0.0;1.0
949;2017-07-20;0;0.0;0.0;0.0;0.0;0.0;0.0;0.0;1.0
948;2017-07-21;0;0.0;0.0;0.0;0.0;0.0;0.0;0.0;1.0
947;2017-07-24;0;0.0;0.0;0.0;0.0;0.0;0.0;0.0;1.0
946;2017-07-25;0;0.0;0.0;0.0;0.0;0.0;0.0;0.0;1.0
945;2017-07-26;0;0.0;0.0;0.0;0.0;0.0;0.0;0.0;1.0
944;2017-07-27;0;0.0;0.0;0.0;0.0;0.0;0.0;0.0;0.0
943;2017-07-28;0;0.0;0.0;0.0;0.0;0.0;0.0;0.0;0.0
942;2017-07-31;0;0.0;0.0;0.0;0.0;0.0;0.0;0.0;0.0
941;2017-08-01;0;0.0;0.0;0.0;0.0;0.0;0.0;0.0;0.0
940;2017-08-02;0;0.0;0.0;0.0;0.0;0.0;0.0;0.0;0.0
939;2017-08-03;0;0.0;0.0;0.0;0.0;0.0;0.0;0.0;0.0
938;2017-08-04;0;0.0;0.0;0.0;0.0;0.0;0.0;0.0;0.0
937;2017-08-07;0;0.0;0.0;0.0;0.0;0.0;0.0;0.0;0.0
936;2017-08-08;0;0.0;0.0;0.0;0.0;0.0;0.0;0.0;0.0
935;2017-08-09;0;0.0;0.0;0.0;0.0;0.0;0.0;0.0;0.0
934;2017-08-10;0;0.0;0.0;0.0;0.0;0.0;0.0;0.0;0.0
933;2017-08-11;0;0.0;0.0;0.0;0.0;0.0;0.0;0.0;0.0
932;2017-08-14;0;0.0;0.0;0.0;0.0;0.0;0.0;0.0;0.0
931;2017-08-15;0;0.0;0.0;0.0;0.0;0.0;0.0;0.0;0.0
930;2017-08-16;0;0.0;0.0;0.0;0.0;0.0;0.0;0.0;0.0
929;2017-08-17;0;0.0;0.0;0.0;0.0;0.0;0.0;0.0;0.0
928;2017-08-18;0;0.0;0.0;0.0;0.0;0.0;0.0;0.0;0.0
927;2017-08-21;0;0.0;0.0;0.0;0.0;0.0;0.0;0.0;0.0
926;2017-08-22;1;1.0;1.0;1.0;1.0;1.0;1.0;1.0;1.0
925;2017-08-23;0;0.0;1.0;1.0;1.0;1.0;1.0;1.0;1.0
924;2017-08-24;0;0.0;0.0;1.0;1.0;1.0;1.0;1.0;1.0
923;2017-08-25;0;0.0;0.0;0.0;1.0;1.0;1.0;1.0;1.0
922;2017-08-28;0;0.0;0.0;0.0;1.0;1.0;1.0;1.0;1.0
921;2017-08-29;0;0.0;0.0;0.0;0.0;1.0;1.0;1.0;1.0
920;2017-08-30;0;0.0;0.0;0.0;0.0;1.0;1.0;1.0;1.0
919;2017-08-31;0;0.0;0.0;0.0;0.0;0.0;1.0;1.0;1.0
918;2017-09-01;0;0.0;0.0;0.0;0.0;0.0;1.0;1.0;1.0
917;2017-09-04;0;0.0;0.0;0.0;0.0;0.0;0.0;1.0;1.0
916;2017-09-05;0;0.0;0.0;0.0;0.0;0.0;0.0;1.0;1.0
915;2017-09-06;0;0.0;0.0;0.0;0.0;0.0;0.0;1.0;1.0
914;2017-09-08;0;0.0;0.0;0.0;0.0;0.0;0.0;1.0;1.0
913;2017-09-11;0;0.0;0.0;0.0;0.0;0.0;0.0;1.0;1.0
912;2017-09-12;0;0.0;0.0;0.0;0.0;0.0;0.0;0.0;1.0
911;2017-09-13;0;0.0;0.0;0.0;0.0;0.0;0.0;0.0;1.0
910;2017-09-14;0;0.0;0.0;0.0;0.0;0.0;0.0;0.0;1.0
909;2017-09-15;0;0.0;0.0;0.0;0.0;0.0;0.0;0.0;1.0
908;2017-09-18;0;0.0;0.0;0.0;0.0;0.0;0.0;0.0;1.0
907;2017-09-19;0;0.0;0.0;0.0;0.0;0.0;0.0;0.0;1.0
906;2017-09-20;0;0.0;0.0;0.0;0.0;0.0;0.0;0.0;1.0
905;2017-09-21;0;0.0;0.0;0.0;0.0;0.0;0.0;0.0;0.0
904;2017-09-22;0;0.0;0.0;0.0;0.0;0.0;0.0;0.0;0.0
903;2017-09-25;0;0.0;0.0;0.0;0.0;0.0;0.0;0.0;0.0
902;2017-09-26;0;0.0;0.0;0.0;0.0;0.0;0.0;0.0;0.0
901;2017-09-27;0;0.0;0.0;0.0;0.0;0.0;0.0;0.0;0.0
900;2017-09-28;0;0.0;0.0;0.0;0.0;0.0;0.0;0.0;0.0
899;2017-09-29;0;0.0;0.0;0.0;0.0;0.0;0.0;0.0;0.0
898;2017-10-02;0;0.0;0.0;0.0;0.0;0.0;0.0;0.0;0.0
897;2017-10-03;0;0.0;0.0;0.0;0.0;0.0;0.0;0.0;0.0
896;2017-10-04;0;0.0;0.0;0.0;0.0;0.0;0.0;0.0;0.0
895;2017-10-05;0;0.0;0.0;0.0;0.0;0.0;0.0;0.0;0.0
894;2017-10-06;0;0.0;0.0;0.0;0.0;0.0;0.0;0.0;0.0
893;2017-10-09;0;0.0;0.0;0.0;0.0;0.0;0.0;0.0;0.0
892;2017-10-10;0;0.0;0.0;0.0;0.0;0.0;0.0;0.0;0.0
891;2017-10-11;0;0.0;0.0;0.0;0.0;0.0;0.0;0.0;0.0
890;2017-10-13;0;0.0;0.0;0.0;0.0;0.0;0.0;0.0;0.0
889;2017-10-16;0;0.0;0.0;0.0;0.0;0.0;0.0;0.0;0.0
888;2017-10-17;0;0.0;0.0;0.0;0.0;0.0;0.0;0.0;0.0
886;2017-10-19;0;0.0;0.0;0.0;0.0;0.0;0.0;0.0;0.0
885;2017-10-20;0;0.0;0.0;0.0;0.0;0.0;0.0;0.0;0.0
884;2017-10-23;0;0.0;0.0;0.0;0.0;0.0;0.0;0.0;0.0
883;2017-10-24;0;0.0;0.0;0.0;0.0;0.0;0.0;0.0;0.0
882;2017-10-25;1;1.0;1.0;1.0;1.0;1.0;1.0;1.0;1.0
881;2017-10-26;0;0.0;1.0;1.0;1.0;1.0;1.0;1.0;1.0
880;2017-10-27;0;0.0;0.0;1.0;1.0;1.0;1.0;1.0;1.0
879;2017-10-30;0;0.0;0.0;0.0;1.0;1.0;1.0;1.0;1.0
878;2017-10-31;0;0.0;0.0;0.0;1.0;1.0;1.0;1.0;1.0
877;2017-11-01;0;0.0;0.0;0.0;0.0;1.0;1.0;1.0;1.0
876;2017-11-03;0;0.0;0.0;0.0;0.0;1.0;1.0;1.0;1.0
875;2017-11-06;0;0.0;0.0;0.0;0.0;0.0;1.0;1.0;1.0
874;2017-11-07;0;0.0;0.0;0.0;0.0;0.0;1.0;1.0;1.0
873;2017-11-08;0;0.0;0.0;0.0;0.0;0.0;0.0;1.0;1.0
872;2017-11-09;0;0.0;0.0;0.0;0.0;0.0;0.0;1.0;1.0
871;2017-11-10;0;0.0;0.0;0.0;0.0;0.0;0.0;1.0;1.0
870;2017-11-13;0;0.0;0.0;0.0;0.0;0.0;0.0;1.0;1.0
869;2017-11-14;0;0.0;0.0;0.0;0.0;0.0;0.0;1.0;1.0
868;2017-11-16;0;0.0;0.0;0.0;0.0;0.0;0.0;0.0;1.0
867;2017-11-17;0;0.0;0.0;0.0;0.0;0.0;0.0;0.0;1.0
866;2017-11-21;0;0.0;0.0;0.0;0.0;0.0;0.0;0.0;1.0
865;2017-11-22;0;0.0;0.0;0.0;0.0;0.0;0.0;0.0;1.0
864;2017-11-23;0;0.0;0.0;0.0;0.0;0.0;0.0;0.0;1.0
863;2017-11-24;0;0.0;0.0;0.0;0.0;0.0;0.0;0.0;1.0
862;2017-11-27;0;0.0;0.0;0.0;0.0;0.0;0.0;0.0;1.0
861;2017-11-28;0;0.0;0.0;0.0;0.0;0.0;0.0;0.0;0.0
860;2017-11-29;0;0.0;0.0;0.0;0.0;0.0;0.0;0.0;0.0
859;2017-11-30;0;0.0;0.0;0.0;0.0;0.0;0.0;0.0;0.0
858;2017-12-01;0;0.0;0.0;0.0;0.0;0.0;0.0;0.0;0.0
857;2017-12-04;0;0.0;0.0;0.0;0.0;0.0;0.0;0.0;0.0
856;2017-12-05;0;0.0;0.0;0.0;0.0;0.0;0.0;0.0;0.0
855;2017-12-06;0;0.0;0.0;0.0;0.0;0.0;0.0;0.0;0.0
854;2017-12-07;0;0.0;0.0;0.0;0.0;0.0;0.0;0.0;0.0
853;2017-12-08;0;0.0;0.0;0.0;0.0;0.0;0.0;0.0;0.0
852;2017-12-11;0;0.0;0.0;0.0;0.0;0.0;0.0;0.0;0.0
851;2017-12-12;0;0.0;0.0;0.0;0.0;0.0;0.0;0.0;0.0
850;2017-12-13;0;0.0;0.0;0.0;0.0;0.0;0.0;0.0;0.0
849;2017-12-14;0;0.0;0.0;0.0;0.0;0.0;0.0;0.0;0.0
848;2017-12-15;0;0.0;0.0;0.0;0.0;0.0;0.0;0.0;0.0
847;2017-12-18;0;0.0;0.0;0.0;0.0;0.0;0.0;0.0;0.0
846;2017-12-19;0;0.0;0.0;0.0;0.0;0.0;0.0;0.0;0.0
845;2017-12-20;0;0.0;0.0;0.0;0.0;0.0;0.0;0.0;0.0
844;2017-12-21;1;1.0;1.0;1.0;1.0;1.0;1.0;1.0;1.0
843;2017-12-22;0;0.0;1.0;1.0;1.0;1.0;1.0;1.0;1.0
842;2017-12-26;0;0.0;0.0;1.0;1.0;1.0;1.0;1.0;1.0
841;2017-12-27;0;0.0;0.0;0.0;1.0;1.0;1.0;1.0;1.0
840;2017-12-28;0;0.0;0.0;0.0;1.0;1.0;1.0;1.0;1.0
839;2018-01-02;0;0.0;0.0;0.0;0.0;1.0;1.0;1.0;1.0
838;2018-01-03;0;0.0;0.0;0.0;0.0;1.0;1.0;1.0;1.0
837;2018-01-04;0;0.0;0.0;0.0;0.0;0.0;1.0;1.0;1.0
836;2018-01-05;0;0.0;0.0;0.0;0.0;0.0;1.0;1.0;1.0
835;2018-01-08;0;0.0;0.0;0.0;0.0;0.0;0.0;1.0;1.0
834;2018-01-09;0;0.0;0.0;0.0;0.0;0.0;0.0;1.0;1.0
833;2018-01-10;0;0.0;0.0;0.0;0.0;0.0;0.0;1.0;1.0
832;2018-01-11;0;0.0;0.0;0.0;0.0;0.0;0.0;1.0;1.0
831;2018-01-12;0;0.0;0.0;0.0;0.0;0.0;0.0;1.0;1.0
830;2018-01-15;0;0.0;0.0;0.0;0.0;0.0;0.0;0.0;1.0
829;2018-01-16;0;0.0;0.0;0.0;0.0;0.0;0.0;0.0;1.0
828;2018-01-17;0;0.0;0.0;0.0;0.0;0.0;0.0;0.0;1.0
827;2018-01-18;0;0.0;0.0;0.0;0.0;0.0;0.0;0.0;1.0
826;2018-01-19;0;0.0;0.0;0.0;0.0;0.0;0.0;0.0;1.0
825;2018-01-22;0;0.0;0.0;0.0;0.0;0.0;0.0;0.0;1.0
824;2018-01-23;0;0.0;0.0;0.0;0.0;0.0;0.0;0.0;1.0
823;2018-01-24;0;0.0;0.0;0.0;0.0;0.0;0.0;0.0;0.0
822;2018-01-26;0;0.0;0.0;0.0;0.0;0.0;0.0;0.0;0.0
821;2018-01-29;0;0.0;0.0;0.0;0.0;0.0;0.0;0.0;0.0
820;2018-01-30;0;0.0;0.0;0.0;0.0;0.0;0.0;0.0;0.0
819;2018-01-31;0;0.0;0.0;0.0;0.0;0.0;0.0;0.0;0.0
818;2018-02-01;0;0.0;0.0;0.0;0.0;0.0;0.0;0.0;0.0
817;2018-02-02;0;0.0;0.0;0.0;0.0;0.0;0.0;0.0;0.0
816;2018-02-05;0;0.0;0.0;0.0;0.0;0.0;0.0;0.0;0.0
815;2018-02-06;0;0.0;0.0;0.0;0.0;0.0;0.0;0.0;0.0
814;2018-02-07;0;0.0;0.0;0.0;0.0;0.0;0.0;0.0;0.0
813;2018-02-08;0;0.0;0.0;0.0;0.0;0.0;0.0;0.0;0.0
812;2018-02-09;0;0.0;0.0;0.0;0.0;0.0;0.0;0.0;0.0
811;2018-02-14;0;0.0;0.0;0.0;0.0;0.0;0.0;0.0;0.0
810;2018-02-15;0;0.0;0.0;0.0;0.0;0.0;0.0;0.0;0.0
809;2018-02-16;0;0.0;0.0;0.0;0.0;0.0;0.0;0.0;0.0
808;2018-02-19;0;0.0;0.0;0.0;0.0;0.0;0.0;0.0;0.0
807;2018-02-20;0;0.0;0.0;0.0;0.0;0.0;0.0;0.0;0.0
806;2018-02-21;0;0.0;0.0;0.0;0.0;0.0;0.0;0.0;0.0
805;2018-02-22;1;1.0;1.0;1.0;1.0;1.0;1.0;1.0;1.0
804;2018-02-23;0;0.0;1.0;1.0;1.0;1.0;1.0;1.0;1.0
803;2018-02-26;0;0.0;0.0;1.0;1.0;1.0;1.0;1.0;1.0
802;2018-02-27;0;0.0;0.0;0.0;1.0;1.0;1.0;1.0;1.0
801;2018-02-28;0;0.0;0.0;0.0;1.0;1.0;1.0;1.0;1.0
800;2018-03-01;0;0.0;0.0;0.0;0.0;1.0;1.0;1.0;1.0
799;2018-03-02;0;0.0;0.0;0.0;0.0;1.0;1.0;1.0;1.0
798;2018-03-05;0;0.0;0.0;0.0;0.0;0.0;1.0;1.0;1.0
797;2018-03-06;0;0.0;0.0;0.0;0.0;0.0;1.0;1.0;1.0
796;2018-03-07;0;0.0;0.0;0.0;0.0;0.0;0.0;1.0;1.0
795;2018-03-08;0;0.0;0.0;0.0;0.0;0.0;0.0;1.0;1.0
794;2018-03-09;0;0.0;0.0;0.0;0.0;0.0;0.0;1.0;1.0
793;2018-03-12;0;0.0;0.0;0.0;0.0;0.0;0.0;1.0;1.0
792;2018-03-13;0;0.0;0.0;0.0;0.0;0.0;0.0;1.0;1.0
791;2018-03-14;0;0.0;0.0;0.0;0.0;0.0;0.0;0.0;1.0
790;2018-03-15;0;0.0;0.0;0.0;0.0;0.0;0.0;0.0;1.0
789;2018-03-16;0;0.0;0.0;0.0;0.0;0.0;0.0;0.0;1.0
788;2018-03-19;0;0.0;0.0;0.0;0.0;0.0;0.0;0.0;1.0
787;2018-03-20;0;0.0;0.0;0.0;0.0;0.0;0.0;0.0;1.0
786;2018-03-21;0;0.0;0.0;0.0;0.0;0.0;0.0;0.0;1.0
785;2018-03-22;0;0.0;0.0;0.0;0.0;0.0;0.0;0.0;1.0
784;2018-03-23;0;0.0;0.0;0.0;0.0;0.0;0.0;0.0;0.0
783;2018-03-26;0;0.0;0.0;0.0;0.0;0.0;0.0;0.0;0.0
782;2018-03-27;0;0.0;0.0;0.0;0.0;0.0;0.0;0.0;0.0
781;2018-03-28;0;0.0;0.0;0.0;0.0;0.0;0.0;0.0;0.0
780;2018-03-29;0;0.0;0.0;0.0;0.0;0.0;0.0;0.0;0.0
779;2018-04-02;0;0.0;0.0;0.0;0.0;0.0;0.0;0.0;0.0
778;2018-04-03;0;0.0;0.0;0.0;0.0;0.0;0.0;0.0;0.0
777;2018-04-04;0;0.0;0.0;0.0;0.0;0.0;0.0;0.0;0.0
776;2018-04-05;0;0.0;0.0;0.0;0.0;0.0;0.0;0.0;0.0
775;2018-04-06;0;0.0;0.0;0.0;0.0;0.0;0.0;0.0;0.0
774;2018-04-09;0;0.0;0.0;0.0;0.0;0.0;0.0;0.0;0.0
773;2018-04-10;0;0.0;0.0;0.0;0.0;0.0;0.0;0.0;0.0
772;2018-04-11;0;0.0;0.0;0.0;0.0;0.0;0.0;0.0;0.0
771;2018-04-12;0;0.0;0.0;0.0;0.0;0.0;0.0;0.0;0.0
770;2018-04-13;0;0.0;0.0;0.0;0.0;0.0;0.0;0.0;0.0
769;2018-04-16;0;0.0;0.0;0.0;0.0;0.0;0.0;0.0;0.0
768;2018-04-17;0;0.0;0.0;0.0;0.0;0.0;0.0;0.0;0.0
767;2018-04-18;0;0.0;0.0;0.0;0.0;0.0;0.0;0.0;0.0
766;2018-04-19;1;1.0;1.0;1.0;1.0;1.0;1.0;1.0;1.0
765;2018-04-20;0;0.0;1.0;1.0;1.0;1.0;1.0;1.0;1.0
764;2018-04-23;0;0.0;0.0;1.0;1.0;1.0;1.0;1.0;1.0
763;2018-04-24;0;0.0;0.0;0.0;1.0;1.0;1.0;1.0;1.0
762;2018-04-25;0;0.0;0.0;0.0;1.0;1.0;1.0;1.0;1.0
761;2018-04-26;0;0.0;0.0;0.0;0.0;1.0;1.0;1.0;1.0
760;2018-04-27;0;0.0;0.0;0.0;0.0;1.0;1.0;1.0;1.0
759;2018-04-30;0;0.0;0.0;0.0;0.0;0.0;1.0;1.0;1.0
758;2018-05-02;0;0.0;0.0;0.0;0.0;0.0;1.0;1.0;1.0
757;2018-05-03;0;0.0;0.0;0.0;0.0;0.0;0.0;1.0;1.0
756;2018-05-04;0;0.0;0.0;0.0;0.0;0.0;0.0;1.0;1.0
755;2018-05-07;0;0.0;0.0;0.0;0.0;0.0;0.0;1.0;1.0
754;2018-05-08;0;0.0;0.0;0.0;0.0;0.0;0.0;1.0;1.0
753;2018-05-09;0;0.0;0.0;0.0;0.0;0.0;0.0;1.0;1.0
752;2018-05-10;0;0.0;0.0;0.0;0.0;0.0;0.0;0.0;1.0
751;2018-05-11;0;0.0;0.0;0.0;0.0;0.0;0.0;0.0;1.0
750;2018-05-14;0;0.0;0.0;0.0;0.0;0.0;0.0;0.0;1.0
749;2018-05-15;0;0.0;0.0;0.0;0.0;0.0;0.0;0.0;1.0
748;2018-05-16;0;0.0;0.0;0.0;0.0;0.0;0.0;0.0;1.0
747;2018-05-17;0;0.0;0.0;0.0;0.0;0.0;0.0;0.0;1.0
746;2018-05-18;0;0.0;0.0;0.0;0.0;0.0;0.0;0.0;1.0
745;2018-05-21;0;0.0;0.0;0.0;0.0;0.0;0.0;0.0;0.0
744;2018-05-22;0;0.0;0.0;0.0;0.0;0.0;0.0;0.0;0.0
743;2018-05-23;0;0.0;0.0;0.0;0.0;0.0;0.0;0.0;0.0
742;2018-05-24;0;0.0;0.0;0.0;0.0;0.0;0.0;0.0;0.0
741;2018-05-25;0;0.0;0.0;0.0;0.0;0.0;0.0;0.0;0.0
740;2018-05-28;0;0.0;0.0;0.0;0.0;0.0;0.0;0.0;0.0
739;2018-05-29;0;0.0;0.0;0.0;0.0;0.0;0.0;0.0;0.0
738;2018-05-30;0;0.0;0.0;0.0;0.0;0.0;0.0;0.0;0.0
737;2018-06-01;0;0.0;0.0;0.0;0.0;0.0;0.0;0.0;0.0
736;2018-06-04;0;0.0;0.0;0.0;0.0;0.0;0.0;0.0;0.0
735;2018-06-05;0;0.0;0.0;0.0;0.0;0.0;0.0;0.0;0.0
734;2018-06-06;0;0.0;0.0;0.0;0.0;0.0;0.0;0.0;0.0
733;2018-06-07;0;0.0;0.0;0.0;0.0;0.0;0.0;0.0;0.0
732;2018-06-08;0;0.0;0.0;0.0;0.0;0.0;0.0;0.0;0.0
731;2018-06-11;0;0.0;0.0;0.0;0.0;0.0;0.0;0.0;0.0
730;2018-06-12;0;0.0;0.0;0.0;0.0;0.0;0.0;0.0;0.0
729;2018-06-13;0;0.0;0.0;0.0;0.0;0.0;0.0;0.0;0.0
728;2018-06-14;0;0.0;0.0;0.0;0.0;0.0;0.0;0.0;0.0
727;2018-06-15;0;0.0;0.0;0.0;0.0;0.0;0.0;0.0;0.0
726;2018-06-18;0;0.0;0.0;0.0;0.0;0.0;0.0;0.0;0.0
725;2018-06-19;0;0.0;0.0;0.0;0.0;0.0;0.0;0.0;0.0
724;2018-06-20;1;1.0;1.0;1.0;1.0;1.0;1.0;1.0;1.0
723;2018-06-21;0;0.0;1.0;1.0;1.0;1.0;1.0;1.0;1.0
722;2018-06-22;0;0.0;0.0;1.0;1.0;1.0;1.0;1.0;1.0
721;2018-06-25;0;0.0;0.0;0.0;1.0;1.0;1.0;1.0;1.0
720;2018-06-26;0;0.0;0.0;0.0;1.0;1.0;1.0;1.0;1.0
719;2018-06-27;0;0.0;0.0;0.0;0.0;1.0;1.0;1.0;1.0
718;2018-06-28;0;0.0;0.0;0.0;0.0;1.0;1.0;1.0;1.0
717;2018-06-29;0;0.0;0.0;0.0;0.0;0.0;1.0;1.0;1.0
716;2018-07-02;0;0.0;0.0;0.0;0.0;0.0;1.0;1.0;1.0
715;2018-07-03;0;0.0;0.0;0.0;0.0;0.0;0.0;1.0;1.0
714;2018-07-04;0;0.0;0.0;0.0;0.0;0.0;0.0;1.0;1.0
713;2018-07-05;0;0.0;0.0;0.0;0.0;0.0;0.0;1.0;1.0
712;2018-07-06;0;0.0;0.0;0.0;0.0;0.0;0.0;1.0;1.0
711;2018-07-10;0;0.0;0.0;0.0;0.0;0.0;0.0;1.0;1.0
710;2018-07-11;0;0.0;0.0;0.0;0.0;0.0;0.0;0.0;1.0
709;2018-07-12;0;0.0;0.0;0.0;0.0;0.0;0.0;0.0;1.0
708;2018-07-13;0;0.0;0.0;0.0;0.0;0.0;0.0;0.0;1.0
707;2018-07-16;0;0.0;0.0;0.0;0.0;0.0;0.0;0.0;1.0
706;2018-07-17;0;0.0;0.0;0.0;0.0;0.0;0.0;0.0;1.0
705;2018-07-18;0;0.0;0.0;0.0;0.0;0.0;0.0;0.0;1.0
704;2018-07-19;0;0.0;0.0;0.0;0.0;0.0;0.0;0.0;1.0
703;2018-07-20;0;0.0;0.0;0.0;0.0;0.0;0.0;0.0;0.0
702;2018-07-23;0;0.0;0.0;0.0;0.0;0.0;0.0;0.0;0.0
701;2018-07-24;0;0.0;0.0;0.0;0.0;0.0;0.0;0.0;0.0
700;2018-07-25;0;0.0;0.0;0.0;0.0;0.0;0.0;0.0;0.0
699;2018-07-26;0;0.0;0.0;0.0;0.0;0.0;0.0;0.0;0.0
698;2018-07-27;0;0.0;0.0;0.0;0.0;0.0;0.0;0.0;0.0
697;2018-07-30;0;0.0;0.0;0.0;0.0;0.0;0.0;0.0;0.0
696;2018-07-31;0;0.0;0.0;0.0;0.0;0.0;0.0;0.0;0.0
695;2018-08-01;0;0.0;0.0;0.0;0.0;0.0;0.0;0.0;0.0
694;2018-08-02;0;0.0;0.0;0.0;0.0;0.0;0.0;0.0;0.0
693;2018-08-03;0;0.0;0.0;0.0;0.0;0.0;0.0;0.0;0.0
692;2018-08-06;0;0.0;0.0;0.0;0.0;0.0;0.0;0.0;0.0
691;2018-08-07;0;0.0;0.0;0.0;0.0;0.0;0.0;0.0;0.0
690;2018-08-08;0;0.0;0.0;0.0;0.0;0.0;0.0;0.0;0.0
689;2018-08-09;0;0.0;0.0;0.0;0.0;0.0;0.0;0.0;0.0
688;2018-08-10;0;0.0;0.0;0.0;0.0;0.0;0.0;0.0;0.0
687;2018-08-13;0;0.0;0.0;0.0;0.0;0.0;0.0;0.0;0.0
686;2018-08-14;0;0.0;0.0;0.0;0.0;0.0;0.0;0.0;0.0
685;2018-08-15;0;0.0;0.0;0.0;0.0;0.0;0.0;0.0;0.0
684;2018-08-16;0;0.0;0.0;0.0;0.0;0.0;0.0;0.0;0.0
683;2018-08-17;0;0.0;0.0;0.0;0.0;0.0;0.0;0.0;0.0
682;2018-08-20;0;0.0;0.0;0.0;0.0;0.0;0.0;0.0;0.0
681;2018-08-21;0;0.0;0.0;0.0;0.0;0.0;0.0;0.0;0.0
680;2018-08-22;0;0.0;0.0;0.0;0.0;0.0;0.0;0.0;0.0
679;2018-08-23;0;0.0;0.0;0.0;0.0;0.0;0.0;0.0;0.0
678;2018-08-24;0;0.0;0.0;0.0;0.0;0.0;0.0;0.0;0.0
677;2018-08-27;0;0.0;0.0;0.0;0.0;0.0;0.0;0.0;0.0
676;2018-08-28;0;0.0;0.0;0.0;0.0;0.0;0.0;0.0;0.0
675;2018-08-29;0;0.0;0.0;0.0;0.0;0.0;0.0;0.0;0.0
674;2018-08-30;0;0.0;0.0;0.0;0.0;0.0;0.0;0.0;0.0
673;2018-08-31;0;0.0;0.0;0.0;0.0;0.0;0.0;0.0;0.0
672;2018-09-03;1;1.0;1.0;1.0;1.0;1.0;1.0;1.0;1.0
671;2018-09-04;0;0.0;1.0;1.0;1.0;1.0;1.0;1.0;1.0
670;2018-09-05;0;0.0;0.0;1.0;1.0;1.0;1.0;1.0;1.0
669;2018-09-06;1;1.0;1.0;1.0;2.0;2.0;2.0;2.0;2.0
668;2018-09-10;0;0.0;1.0;1.0;2.0;2.0;2.0;2.0;2.0
667;2018-09-11;0;0.0;0.0;1.0;1.0;2.0;2.0;2.0;2.0
666;2018-09-12;0;0.0;0.0;0.0;1.0;2.0;2.0;2.0;2.0
665;2018-09-13;0;0.0;0.0;0.0;1.0;1.0;2.0;2.0;2.0
664;2018-09-14;0;0.0;0.0;0.0;0.0;1.0;2.0;2.0;2.0
663;2018-09-17;0;0.0;0.0;0.0;0.0;1.0;1.0;2.0;2.0
662;2018-09-18;0;0.0;0.0;0.0;0.0;0.0;1.0;2.0;2.0
661;2018-09-19;0;0.0;0.0;0.0;0.0;0.0;1.0;2.0;2.0
660;2018-09-20;0;0.0;0.0;0.0;0.0;0.0;0.0;2.0;2.0
659;2018-09-21;0;0.0;0.0;0.0;0.0;0.0;0.0;2.0;2.0
658;2018-09-24;0;0.0;0.0;0.0;0.0;0.0;0.0;1.0;2.0
657;2018-09-25;0;0.0;0.0;0.0;0.0;0.0;0.0;1.0;2.0
656;2018-09-26;0;0.0;0.0;0.0;0.0;0.0;0.0;1.0;2.0
655;2018-09-27;0;0.0;0.0;0.0;0.0;0.0;0.0;0.0;2.0
654;2018-09-28;0;0.0;0.0;0.0;0.0;0.0;0.0;0.0;2.0
653;2018-10-01;0;0.0;0.0;0.0;0.0;0.0;0.0;0.0;2.0
652;2018-10-02;0;0.0;0.0;0.0;0.0;0.0;0.0;0.0;2.0
651;2018-10-03;0;0.0;0.0;0.0;0.0;0.0;0.0;0.0;1.0
650;2018-10-04;0;0.0;0.0;0.0;0.0;0.0;0.0;0.0;1.0
649;2018-10-05;0;0.0;0.0;0.0;0.0;0.0;0.0;0.0;1.0
648;2018-10-08;0;0.0;0.0;0.0;0.0;0.0;0.0;0.0;0.0
647;2018-10-09;0;0.0;0.0;0.0;0.0;0.0;0.0;0.0;0.0
646;2018-10-10;0;0.0;0.0;0.0;0.0;0.0;0.0;0.0;0.0
645;2018-10-11;0;0.0;0.0;0.0;0.0;0.0;0.0;0.0;0.0
644;2018-10-15;0;0.0;0.0;0.0;0.0;0.0;0.0;0.0;0.0
643;2018-10-16;0;0.0;0.0;0.0;0.0;0.0;0.0;0.0;0.0
642;2018-10-17;0;0.0;0.0;0.0;0.0;0.0;0.0;0.0;0.0
641;2018-10-18;0;0.0;0.0;0.0;0.0;0.0;0.0;0.0;0.0
640;2018-10-19;0;0.0;0.0;0.0;0.0;0.0;0.0;0.0;0.0
639;2018-10-22;0;0.0;0.0;0.0;0.0;0.0;0.0;0.0;0.0
638;2018-10-23;0;0.0;0.0;0.0;0.0;0.0;0.0;0.0;0.0
637;2018-10-24;0;0.0;0.0;0.0;0.0;0.0;0.0;0.0;0.0
636;2018-10-25;0;0.0;0.0;0.0;0.0;0.0;0.0;0.0;0.0
635;2018-10-26;0;0.0;0.0;0.0;0.0;0.0;0.0;0.0;0.0
634;2018-10-29;0;0.0;0.0;0.0;0.0;0.0;0.0;0.0;0.0
633;2018-10-30;0;0.0;0.0;0.0;0.0;0.0;0.0;0.0;0.0
632;2018-10-31;0;0.0;0.0;0.0;0.0;0.0;0.0;0.0;0.0
631;2018-11-01;0;0.0;0.0;0.0;0.0;0.0;0.0;0.0;0.0
630;2018-11-05;0;0.0;0.0;0.0;0.0;0.0;0.0;0.0;0.0
629;2018-11-06;0;0.0;0.0;0.0;0.0;0.0;0.0;0.0;0.0
628;2018-11-07;0;0.0;0.0;0.0;0.0;0.0;0.0;0.0;0.0
627;2018-11-08;0;0.0;0.0;0.0;0.0;0.0;0.0;0.0;0.0
626;2018-11-09;0;0.0;0.0;0.0;0.0;0.0;0.0;0.0;0.0
625;2018-11-12;0;0.0;0.0;0.0;0.0;0.0;0.0;0.0;0.0
624;2018-11-13;0;0.0;0.0;0.0;0.0;0.0;0.0;0.0;0.0
623;2018-11-14;0;0.0;0.0;0.0;0.0;0.0;0.0;0.0;0.0
622;2018-11-16;0;0.0;0.0;0.0;0.0;0.0;0.0;0.0;0.0
621;2018-11-19;0;0.0;0.0;0.0;0.0;0.0;0.0;0.0;0.0
620;2018-11-21;0;0.0;0.0;0.0;0.0;0.0;0.0;0.0;0.0
619;2018-11-22;0;0.0;0.0;0.0;0.0;0.0;0.0;0.0;0.0
618;2018-11-23;0;0.0;0.0;0.0;0.0;0.0;0.0;0.0;0.0
617;2018-11-26;0;0.0;0.0;0.0;0.0;0.0;0.0;0.0;0.0
616;2018-11-27;0;0.0;0.0;0.0;0.0;0.0;0.0;0.0;0.0
615;2018-11-28;0;0.0;0.0;0.0;0.0;0.0;0.0;0.0;0.0
614;2018-11-29;0;0.0;0.0;0.0;0.0;0.0;0.0;0.0;0.0
613;2018-11-30;0;0.0;0.0;0.0;0.0;0.0;0.0;0.0;0.0
612;2018-12-03;0;0.0;0.0;0.0;0.0;0.0;0.0;0.0;0.0
611;2018-12-04;0;0.0;0.0;0.0;0.0;0.0;0.0;0.0;0.0
610;2018-12-05;0;0.0;0.0;0.0;0.0;0.0;0.0;0.0;0.0
609;2018-12-06;0;0.0;0.0;0.0;0.0;0.0;0.0;0.0;0.0
608;2018-12-07;0;0.0;0.0;0.0;0.0;0.0;0.0;0.0;0.0
607;2018-12-10;0;0.0;0.0;0.0;0.0;0.0;0.0;0.0;0.0
606;2018-12-11;0;0.0;0.0;0.0;0.0;0.0;0.0;0.0;0.0
605;2018-12-12;0;0.0;0.0;0.0;0.0;0.0;0.0;0.0;0.0
604;2018-12-13;0;0.0;0.0;0.0;0.0;0.0;0.0;0.0;0.0
603;2018-12-14;0;0.0;0.0;0.0;0.0;0.0;0.0;0.0;0.0
602;2018-12-17;0;0.0;0.0;0.0;0.0;0.0;0.0;0.0;0.0
601;2018-12-18;0;0.0;0.0;0.0;0.0;0.0;0.0;0.0;0.0
600;2018-12-19;0;0.0;0.0;0.0;0.0;0.0;0.0;0.0;0.0
599;2018-12-20;0;0.0;0.0;0.0;0.0;0.0;0.0;0.0;0.0
598;2018-12-21;0;0.0;0.0;0.0;0.0;0.0;0.0;0.0;0.0
597;2018-12-26;0;0.0;0.0;0.0;0.0;0.0;0.0;0.0;0.0
596;2018-12-27;0;0.0;0.0;0.0;0.0;0.0;0.0;0.0;0.0
595;2018-12-28;0;0.0;0.0;0.0;0.0;0.0;0.0;0.0;0.0
594;2019-01-02;1;1.0;1.0;1.0;1.0;1.0;1.0;1.0;1.0
593;2019-01-03;0;0.0;1.0;1.0;1.0;1.0;1.0;1.0;1.0
592;2019-01-04;0;0.0;0.0;1.0;1.0;1.0;1.0;1.0;1.0
591;2019-01-07;0;0.0;0.0;0.0;1.0;1.0;1.0;1.0;1.0
590;2019-01-08;0;0.0;0.0;0.0;1.0;1.0;1.0;1.0;1.0
589;2019-01-09;0;0.0;0.0;0.0;0.0;1.0;1.0;1.0;1.0
588;2019-01-10;0;0.0;0.0;0.0;0.0;1.0;1.0;1.0;1.0
587;2019-01-11;0;0.0;0.0;0.0;0.0;0.0;1.0;1.0;1.0
586;2019-01-14;0;0.0;0.0;0.0;0.0;0.0;1.0;1.0;1.0
585;2019-01-15;0;0.0;0.0;0.0;0.0;0.0;0.0;1.0;1.0
584;2019-01-16;0;0.0;0.0;0.0;0.0;0.0;0.0;1.0;1.0
583;2019-01-17;0;0.0;0.0;0.0;0.0;0.0;0.0;1.0;1.0
582;2019-01-18;0;0.0;0.0;0.0;0.0;0.0;0.0;1.0;1.0
581;2019-01-21;0;0.0;0.0;0.0;0.0;0.0;0.0;1.0;1.0
580;2019-01-22;0;0.0;0.0;0.0;0.0;0.0;0.0;0.0;1.0
579;2019-01-23;0;0.0;0.0;0.0;0.0;0.0;0.0;0.0;1.0
578;2019-01-24;0;0.0;0.0;0.0;0.0;0.0;0.0;0.0;1.0
577;2019-01-28;0;0.0;0.0;0.0;0.0;0.0;0.0;0.0;1.0
576;2019-01-29;0;0.0;0.0;0.0;0.0;0.0;0.0;0.0;1.0
575;2019-01-30;0;0.0;0.0;0.0;0.0;0.0;0.0;0.0;1.0
574;2019-01-31;0;0.0;0.0;0.0;0.0;0.0;0.0;0.0;1.0
573;2019-02-01;0;0.0;0.0;0.0;0.0;0.0;0.0;0.0;0.0
572;2019-02-04;0;0.0;0.0;0.0;0.0;0.0;0.0;0.0;0.0
571;2019-02-05;0;0.0;0.0;0.0;0.0;0.0;0.0;0.0;0.0
570;2019-02-06;0;0.0;0.0;0.0;0.0;0.0;0.0;0.0;0.0
569;2019-02-07;0;0.0;0.0;0.0;0.0;0.0;0.0;0.0;0.0
568;2019-02-08;0;0.0;0.0;0.0;0.0;0.0;0.0;0.0;0.0
567;2019-02-11;0;0.0;0.0;0.0;0.0;0.0;0.0;0.0;0.0
566;2019-02-12;0;0.0;0.0;0.0;0.0;0.0;0.0;0.0;0.0
565;2019-02-13;0;0.0;0.0;0.0;0.0;0.0;0.0;0.0;0.0
564;2019-02-14;1;1.0;1.0;1.0;1.0;1.0;1.0;1.0;1.0
563;2019-02-15;0;0.0;1.0;1.0;1.0;1.0;1.0;1.0;1.0
562;2019-02-18;0;0.0;0.0;1.0;1.0;1.0;1.0;1.0;1.0
561;2019-02-19;0;0.0;0.0;0.0;1.0;1.0;1.0;1.0;1.0
560;2019-02-20;0;0.0;0.0;0.0;1.0;1.0;1.0;1.0;1.0
559;2019-02-21;0;0.0;0.0;0.0;0.0;1.0;1.0;1.0;1.0
558;2019-02-22;0;0.0;0.0;0.0;0.0;1.0;1.0;1.0;1.0
557;2019-02-25;0;0.0;0.0;0.0;0.0;0.0;1.0;1.0;1.0
556;2019-02-26;0;0.0;0.0;0.0;0.0;0.0;1.0;1.0;1.0
555;2019-02-27;0;0.0;0.0;0.0;0.0;0.0;0.0;1.0;1.0
554;2019-02-28;0;0.0;0.0;0.0;0.0;0.0;0.0;1.0;1.0
553;2019-03-01;0;0.0;0.0;0.0;0.0;0.0;0.0;1.0;1.0
552;2019-03-06;0;0.0;0.0;0.0;0.0;0.0;0.0;1.0;1.0
551;2019-03-07;0;0.0;0.0;0.0;0.0;0.0;0.0;1.0;1.0
550;2019-03-08;0;0.0;0.0;0.0;0.0;0.0;0.0;0.0;1.0
549;2019-03-11;0;0.0;0.0;0.0;0.0;0.0;0.0;0.0;1.0
548;2019-03-12;0;0.0;0.0;0.0;0.0;0.0;0.0;0.0;1.0
547;2019-03-13;1;1.0;1.0;1.0;1.0;1.0;1.0;1.0;2.0
546;2019-03-14;0;0.0;1.0;1.0;1.0;1.0;1.0;1.0;2.0
545;2019-03-15;0;0.0;0.0;1.0;1.0;1.0;1.0;1.0;2.0
544;2019-03-18;0;0.0;0.0;0.0;1.0;1.0;1.0;1.0;2.0
543;2019-03-19;0;0.0;0.0;0.0;1.0;1.0;1.0;1.0;1.0
542;2019-03-20;0;0.0;0.0;0.0;0.0;1.0;1.0;1.0;1.0
541;2019-03-21;0;0.0;0.0;0.0;0.0;1.0;1.0;1.0;1.0
540;2019-03-22;0;0.0;0.0;0.0;0.0;0.0;1.0;1.0;1.0
539;2019-03-25;0;0.0;0.0;0.0;0.0;0.0;1.0;1.0;1.0
538;2019-03-26;0;0.0;0.0;0.0;0.0;0.0;0.0;1.0;1.0
537;2019-03-27;0;0.0;0.0;0.0;0.0;0.0;0.0;1.0;1.0
536;2019-03-28;0;0.0;0.0;0.0;0.0;0.0;0.0;1.0;1.0
535;2019-03-29;0;0.0;0.0;0.0;0.0;0.0;0.0;1.0;1.0
534;2019-04-01;0;0.0;0.0;0.0;0.0;0.0;0.0;1.0;1.0
533;2019-04-02;0;0.0;0.0;0.0;0.0;0.0;0.0;0.0;1.0
532;2019-04-03;0;0.0;0.0;0.0;0.0;0.0;0.0;0.0;1.0
531;2019-04-04;0;0.0;0.0;0.0;0.0;0.0;0.0;0.0;1.0
530;2019-04-05;0;0.0;0.0;0.0;0.0;0.0;0.0;0.0;1.0
529;2019-04-08;1;1.0;1.0;1.0;1.0;1.0;1.0;1.0;2.0
528;2019-04-09;0;0.0;1.0;1.0;1.0;1.0;1.0;1.0;2.0
527;2019-04-10;0;0.0;0.0;1.0;1.0;1.0;1.0;1.0;2.0
526;2019-04-11;0;0.0;0.0;0.0;1.0;1.0;1.0;1.0;1.0
525;2019-04-12;0;0.0;0.0;0.0;1.0;1.0;1.0;1.0;1.0
524;2019-04-15;0;0.0;0.0;0.0;0.0;1.0;1.0;1.0;1.0
523;2019-04-16;0;0.0;0.0;0.0;0.0;1.0;1.0;1.0;1.0
522;2019-04-17;0;0.0;0.0;0.0;0.0;0.0;1.0;1.0;1.0
521;2019-04-18;0;0.0;0.0;0.0;0.0;0.0;1.0;1.0;1.0
520;2019-04-22;0;0.0;0.0;0.0;0.0;0.0;0.0;1.0;1.0
519;2019-04-23;0;0.0;0.0;0.0;0.0;0.0;0.0;1.0;1.0
518;2019-04-24;0;0.0;0.0;0.0;0.0;0.0;0.0;1.0;1.0
517;2019-04-25;0;0.0;0.0;0.0;0.0;0.0;0.0;1.0;1.0
516;2019-04-26;0;0.0;0.0;0.0;0.0;0.0;0.0;1.0;1.0
515;2019-04-29;0;0.0;0.0;0.0;0.0;0.0;0.0;0.0;1.0
514;2019-04-30;0;0.0;0.0;0.0;0.0;0.0;0.0;0.0;1.0
513;2019-05-02;0;0.0;0.0;0.0;0.0;0.0;0.0;0.0;1.0
512;2019-05-03;0;0.0;0.0;0.0;0.0;0.0;0.0;0.0;1.0
511;2019-05-06;0;0.0;0.0;0.0;0.0;0.0;0.0;0.0;1.0
510;2019-05-07;0;0.0;0.0;0.0;0.0;0.0;0.0;0.0;1.0
509;2019-05-08;0;0.0;0.0;0.0;0.0;0.0;0.0;0.0;1.0
508;2019-05-09;0;0.0;0.0;0.0;0.0;0.0;0.0;0.0;0.0
507;2019-05-10;0;0.0;0.0;0.0;0.0;0.0;0.0;0.0;0.0
506;2019-05-13;0;0.0;0.0;0.0;0.0;0.0;0.0;0.0;0.0
505;2019-05-14;0;0.0;0.0;0.0;0.0;0.0;0.0;0.0;0.0
504;2019-05-15;0;0.0;0.0;0.0;0.0;0.0;0.0;0.0;0.0
503;2019-05-16;0;0.0;0.0;0.0;0.0;0.0;0.0;0.0;0.0
502;2019-05-17;0;0.0;0.0;0.0;0.0;0.0;0.0;0.0;0.0
501;2019-05-20;0;0.0;0.0;0.0;0.0;0.0;0.0;0.0;0.0
500;2019-05-21;0;0.0;0.0;0.0;0.0;0.0;0.0;0.0;0.0
499;2019-05-22;0;0.0;0.0;0.0;0.0;0.0;0.0;0.0;0.0
498;2019-05-23;1;1.0;1.0;1.0;1.0;1.0;1.0;1.0;1.0
497;2019-05-24;0;0.0;1.0;1.0;1.0;1.0;1.0;1.0;1.0
496;2019-05-27;0;0.0;0.0;1.0;1.0;1.0;1.0;1.0;1.0
495;2019-05-28;0;0.0;0.0;0.0;1.0;1.0;1.0;1.0;1.0
494;2019-05-29;0;0.0;0.0;0.0;1.0;1.0;1.0;1.0;1.0
493;2019-05-30;0;0.0;0.0;0.0;0.0;1.0;1.0;1.0;1.0
492;2019-05-31;0;0.0;0.0;0.0;0.0;1.0;1.0;1.0;1.0
491;2019-06-03;0;0.0;0.0;0.0;0.0;0.0;1.0;1.0;1.0
490;2019-06-04;0;0.0;0.0;0.0;0.0;0.0;1.0;1.0;1.0
489;2019-06-05;0;0.0;0.0;0.0;0.0;0.0;0.0;1.0;1.0
488;2019-06-06;0;0.0;0.0;0.0;0.0;0.0;0.0;1.0;1.0
487;2019-06-07;0;0.0;0.0;0.0;0.0;0.0;0.0;1.0;1.0
486;2019-06-10;0;0.0;0.0;0.0;0.0;0.0;0.0;1.0;1.0
485;2019-06-11;0;0.0;0.0;0.0;0.0;0.0;0.0;1.0;1.0
484;2019-06-12;0;0.0;0.0;0.0;0.0;0.0;0.0;0.0;1.0
483;2019-06-13;0;0.0;0.0;0.0;0.0;0.0;0.0;0.0;1.0
482;2019-06-14;0;0.0;0.0;0.0;0.0;0.0;0.0;0.0;1.0
481;2019-06-17;0;0.0;0.0;0.0;0.0;0.0;0.0;0.0;1.0
480;2019-06-18;0;0.0;0.0;0.0;0.0;0.0;0.0;0.0;1.0
479;2019-06-19;0;0.0;0.0;0.0;0.0;0.0;0.0;0.0;1.0
478;2019-06-21;0;0.0;0.0;0.0;0.0;0.0;0.0;0.0;1.0
477;2019-06-24;0;0.0;0.0;0.0;0.0;0.0;0.0;0.0;0.0
476;2019-06-25;0;0.0;0.0;0.0;0.0;0.0;0.0;0.0;0.0
475;2019-06-26;0;0.0;0.0;0.0;0.0;0.0;0.0;0.0;0.0
474;2019-06-27;0;0.0;0.0;0.0;0.0;0.0;0.0;0.0;0.0
473;2019-06-28;0;0.0;0.0;0.0;0.0;0.0;0.0;0.0;0.0
472;2019-07-01;0;0.0;0.0;0.0;0.0;0.0;0.0;0.0;0.0
471;2019-07-02;0;0.0;0.0;0.0;0.0;0.0;0.0;0.0;0.0
470;2019-07-03;0;0.0;0.0;0.0;0.0;0.0;0.0;0.0;0.0
469;2019-07-04;0;0.0;0.0;0.0;0.0;0.0;0.0;0.0;0.0
468;2019-07-05;0;0.0;0.0;0.0;0.0;0.0;0.0;0.0;0.0
467;2019-07-08;0;0.0;0.0;0.0;0.0;0.0;0.0;0.0;0.0
466;2019-07-10;1;1.0;1.0;1.0;1.0;1.0;1.0;1.0;1.0
465;2019-07-11;0;0.0;1.0;1.0;1.0;1.0;1.0;1.0;1.0
464;2019-07-12;0;0.0;0.0;1.0;1.0;1.0;1.0;1.0;1.0
463;2019-07-15;0;0.0;0.0;0.0;1.0;1.0;1.0;1.0;1.0
462;2019-07-16;0;0.0;0.0;0.0;1.0;1.0;1.0;1.0;1.0
461;2019-07-17;0;0.0;0.0;0.0;0.0;1.0;1.0;1.0;1.0
460;2019-07-18;0;0.0;0.0;0.0;0.0;1.0;1.0;1.0;1.0
459;2019-07-19;0;0.0;0.0;0.0;0.0;0.0;1.0;1.0;1.0
458;2019-07-22;0;0.0;0.0;0.0;0.0;0.0;1.0;1.0;1.0
457;2019-07-23;0;0.0;0.0;0.0;0.0;0.0;0.0;1.0;1.0
456;2019-07-24;0;0.0;0.0;0.0;0.0;0.0;0.0;1.0;1.0
455;2019-07-25;0;0.0;0.0;0.0;0.0;0.0;0.0;1.0;1.0
454;2019-07-26;0;0.0;0.0;0.0;0.0;0.0;0.0;1.0;1.0
453;2019-07-29;0;0.0;0.0;0.0;0.0;0.0;0.0;1.0;1.0
452;2019-07-30;0;0.0;0.0;0.0;0.0;0.0;0.0;0.0;1.0
451;2019-07-31;0;0.0;0.0;0.0;0.0;0.0;0.0;0.0;1.0
450;2019-08-01;0;0.0;0.0;0.0;0.0;0.0;0.0;0.0;1.0
449;2019-08-02;0;0.0;0.0;0.0;0.0;0.0;0.0;0.0;1.0
448;2019-08-05;0;0.0;0.0;0.0;0.0;0.0;0.0;0.0;1.0
447;2019-08-06;0;0.0;0.0;0.0;0.0;0.0;0.0;0.0;1.0
446;2019-08-07;0;0.0;0.0;0.0;0.0;0.0;0.0;0.0;1.0
445;2019-08-08;0;0.0;0.0;0.0;0.0;0.0;0.0;0.0;0.0
444;2019-08-09;0;0.0;0.0;0.0;0.0;0.0;0.0;0.0;0.0
443;2019-08-12;0;0.0;0.0;0.0;0.0;0.0;0.0;0.0;0.0
442;2019-08-13;0;0.0;0.0;0.0;0.0;0.0;0.0;0.0;0.0
441;2019-08-14;0;0.0;0.0;0.0;0.0;0.0;0.0;0.0;0.0
440;2019-08-15;0;0.0;0.0;0.0;0.0;0.0;0.0;0.0;0.0
439;2019-08-16;0;0.0;0.0;0.0;0.0;0.0;0.0;0.0;0.0
438;2019-08-19;0;0.0;0.0;0.0;0.0;0.0;0.0;0.0;0.0
437;2019-08-20;0;0.0;0.0;0.0;0.0;0.0;0.0;0.0;0.0
436;2019-08-21;0;0.0;0.0;0.0;0.0;0.0;0.0;0.0;0.0
435;2019-08-22;0;0.0;0.0;0.0;0.0;0.0;0.0;0.0;0.0
434;2019-08-23;0;0.0;0.0;0.0;0.0;0.0;0.0;0.0;0.0
433;2019-08-26;0;0.0;0.0;0.0;0.0;0.0;0.0;0.0;0.0
432;2019-08-27;0;0.0;0.0;0.0;0.0;0.0;0.0;0.0;0.0
431;2019-08-28;1;1.0;1.0;1.0;1.0;1.0;1.0;1.0;1.0
430;2019-08-29;0;0.0;1.0;1.0;1.0;1.0;1.0;1.0;1.0
429;2019-08-30;0;0.0;0.0;1.0;1.0;1.0;1.0;1.0;1.0
428;2019-09-02;0;0.0;0.0;0.0;1.0;1.0;1.0;1.0;1.0
427;2019-09-03;0;0.0;0.0;0.0;1.0;1.0;1.0;1.0;1.0
426;2019-09-04;0;0.0;0.0;0.0;0.0;1.0;1.0;1.0;1.0
425;2019-09-05;0;0.0;0.0;0.0;0.0;1.0;1.0;1.0;1.0
424;2019-09-06;0;0.0;0.0;0.0;0.0;0.0;1.0;1.0;1.0
423;2019-09-09;0;0.0;0.0;0.0;0.0;0.0;1.0;1.0;1.0
422;2019-09-10;0;0.0;0.0;0.0;0.0;0.0;0.0;1.0;1.0
421;2019-09-11;0;0.0;0.0;0.0;0.0;0.0;0.0;1.0;1.0
420;2019-09-12;0;0.0;0.0;0.0;0.0;0.0;0.0;1.0;1.0
419;2019-09-13;0;0.0;0.0;0.0;0.0;0.0;0.0;1.0;1.0
418;2019-09-16;0;0.0;0.0;0.0;0.0;0.0;0.0;1.0;1.0
417;2019-09-17;0;0.0;0.0;0.0;0.0;0.0;0.0;0.0;1.0
416;2019-09-18;0;0.0;0.0;0.0;0.0;0.0;0.0;0.0;1.0
415;2019-09-19;0;0.0;0.0;0.0;0.0;0.0;0.0;0.0;1.0
414;2019-09-20;0;0.0;0.0;0.0;0.0;0.0;0.0;0.0;1.0
413;2019-09-23;0;0.0;0.0;0.0;0.0;0.0;0.0;0.0;1.0
412;2019-09-24;0;0.0;0.0;0.0;0.0;0.0;0.0;0.0;1.0
411;2019-09-25;0;0.0;0.0;0.0;0.0;0.0;0.0;0.0;1.0
410;2019-09-26;0;0.0;0.0;0.0;0.0;0.0;0.0;0.0;0.0
409;2019-09-27;0;0.0;0.0;0.0;0.0;0.0;0.0;0.0;0.0
408;2019-09-30;0;0.0;0.0;0.0;0.0;0.0;0.0;0.0;0.0
407;2019-10-01;0;0.0;0.0;0.0;0.0;0.0;0.0;0.0;0.0
406;2019-10-02;0;0.0;0.0;0.0;0.0;0.0;0.0;0.0;0.0
405;2019-10-03;0;0.0;0.0;0.0;0.0;0.0;0.0;0.0;0.0
404;2019-10-04;0;0.0;0.0;0.0;0.0;0.0;0.0;0.0;0.0
403;2019-10-07;0;0.0;0.0;0.0;0.0;0.0;0.0;0.0;0.0
402;2019-10-08;0;0.0;0.0;0.0;0.0;0.0;0.0;0.0;0.0
401;2019-10-09;0;0.0;0.0;0.0;0.0;0.0;0.0;0.0;0.0
400;2019-10-10;0;0.0;0.0;0.0;0.0;0.0;0.0;0.0;0.0
399;2019-10-11;0;0.0;0.0;0.0;0.0;0.0;0.0;0.0;0.0
398;2019-10-14;0;0.0;0.0;0.0;0.0;0.0;0.0;0.0;0.0
397;2019-10-15;1;1.0;1.0;1.0;1.0;1.0;1.0;1.0;1.0
396;2019-10-16;0;0.0;1.0;1.0;1.0;1.0;1.0;1.0;1.0
395;2019-10-17;0;0.0;0.0;1.0;1.0;1.0;1.0;1.0;1.0
394;2019-10-18;0;0.0;0.0;0.0;1.0;1.0;1.0;1.0;1.0
393;2019-10-21;0;0.0;0.0;0.0;1.0;1.0;1.0;1.0;1.0
392;2019-10-22;0;0.0;0.0;0.0;0.0;1.0;1.0;1.0;1.0
391;2019-10-23;0;0.0;0.0;0.0;0.0;1.0;1.0;1.0;1.0
390;2019-10-24;0;0.0;0.0;0.0;0.0;0.0;1.0;1.0;1.0
389;2019-10-25;0;0.0;0.0;0.0;0.0;0.0;1.0;1.0;1.0
388;2019-10-28;0;0.0;0.0;0.0;0.0;0.0;0.0;1.0;1.0
387;2019-10-29;0;0.0;0.0;0.0;0.0;0.0;0.0;1.0;1.0
386;2019-10-30;0;0.0;0.0;0.0;0.0;0.0;0.0;1.0;1.0
385;2019-10-31;0;0.0;0.0;0.0;0.0;0.0;0.0;1.0;1.0
384;2019-11-01;0;0.0;0.0;0.0;0.0;0.0;0.0;1.0;1.0
383;2019-11-04;0;0.0;0.0;0.0;0.0;0.0;0.0;0.0;1.0
382;2019-11-05;0;0.0;0.0;0.0;0.0;0.0;0.0;0.0;1.0
381;2019-11-06;0;0.0;0.0;0.0;0.0;0.0;0.0;0.0;1.0
380;2019-11-07;0;0.0;0.0;0.0;0.0;0.0;0.0;0.0;1.0
379;2019-11-08;0;0.0;0.0;0.0;0.0;0.0;0.0;0.0;1.0
378;2019-11-11;0;0.0;0.0;0.0;0.0;0.0;0.0;0.0;1.0
377;2019-11-12;0;0.0;0.0;0.0;0.0;0.0;0.0;0.0;1.0
376;2019-11-13;0;0.0;0.0;0.0;0.0;0.0;0.0;0.0;0.0
375;2019-11-14;0;0.0;0.0;0.0;0.0;0.0;0.0;0.0;0.0
374;2019-11-18;0;0.0;0.0;0.0;0.0;0.0;0.0;0.0;0.0
373;2019-11-19;0;0.0;0.0;0.0;0.0;0.0;0.0;0.0;0.0
372;2019-11-21;0;0.0;0.0;0.0;0.0;0.0;0.0;0.0;0.0
371;2019-11-22;0;0.0;0.0;0.0;0.0;0.0;0.0;0.0;0.0
370;2019-11-25;0;0.0;0.0;0.0;0.0;0.0;0.0;0.0;0.0
369;2019-11-26;0;0.0;0.0;0.0;0.0;0.0;0.0;0.0;0.0
368;2019-11-27;0;0.0;0.0;0.0;0.0;0.0;0.0;0.0;0.0
367;2019-11-28;0;0.0;0.0;0.0;0.0;0.0;0.0;0.0;0.0
366;2019-11-29;0;0.0;0.0;0.0;0.0;0.0;0.0;0.0;0.0
365;2019-12-02;0;0.0;0.0;0.0;0.0;0.0;0.0;0.0;0.0
364;2019-12-03;0;0.0;0.0;0.0;0.0;0.0;0.0;0.0;0.0
363;2019-12-04;0;0.0;0.0;0.0;0.0;0.0;0.0;0.0;0.0
362;2019-12-05;0;0.0;0.0;0.0;0.0;0.0;0.0;0.0;0.0
361;2019-12-06;0;0.0;0.0;0.0;0.0;0.0;0.0;0.0;0.0
360;2019-12-09;1;1.0;1.0;1.0;1.0;1.0;1.0;1.0;1.0
359;2019-12-10;0;0.0;1.0;1.0;1.0;1.0;1.0;1.0;1.0
358;2019-12-11;0;0.0;0.0;1.0;1.0;1.0;1.0;1.0;1.0
357;2019-12-12;0;0.0;0.0;0.0;1.0;1.0;1.0;1.0;1.0
356;2019-12-13;0;0.0;0.0;0.0;1.0;1.0;1.0;1.0;1.0
355;2019-12-16;0;0.0;0.0;0.0;0.0;1.0;1.0;1.0;1.0
354;2019-12-17;0;0.0;0.0;0.0;0.0;1.0;1.0;1.0;1.0
353;2019-12-18;0;0.0;0.0;0.0;0.0;0.0;1.0;1.0;1.0
352;2019-12-19;1;1.0;1.0;1.0;1.0;1.0;2.0;2.0;2.0
351;2019-12-20;0;0.0;1.0;1.0;1.0;1.0;1.0;2.0;2.0
350;2019-12-23;1;1.0;1.0;2.0;2.0;2.0;2.0;3.0;3.0
349;2019-12-26;0;0.0;1.0;1.0;2.0;2.0;2.0;3.0;3.0
348;2019-12-27;0;0.0;0.0;1.0;2.0;2.0;2.0;3.0;3.0
347;2019-12-30;0;0.0;0.0;0.0;1.0;2.0;2.0;3.0;3.0
346;2020-01-02;0;0.0;0.0;0.0;1.0;2.0;2.0;2.0;3.0
345;2020-01-03;0;0.0;0.0;0.0;0.0;1.0;2.0;2.0;3.0
344;2020-01-06;0;0.0;0.0;0.0;0.0;1.0;2.0;2.0;3.0
343;2020-01-07;0;0.0;0.0;0.0;0.0;0.0;1.0;2.0;3.0
342;2020-01-08;0;0.0;0.0;0.0;0.0;0.0;1.0;2.0;3.0
341;2020-01-09;0;0.0;0.0;0.0;0.0;0.0;0.0;2.0;3.0
340;2020-01-10;0;0.0;0.0;0.0;0.0;0.0;0.0;2.0;3.0
339;2020-01-13;0;0.0;0.0;0.0;0.0;0.0;0.0;2.0;2.0
338;2020-01-14;0;0.0;0.0;0.0;0.0;0.0;0.0;1.0;2.0
337;2020-01-15;0;0.0;0.0;0.0;0.0;0.0;0.0;1.0;2.0
336;2020-01-16;0;0.0;0.0;0.0;0.0;0.0;0.0;0.0;2.0
335;2020-01-17;0;0.0;0.0;0.0;0.0;0.0;0.0;0.0;2.0
334;2020-01-20;0;0.0;0.0;0.0;0.0;0.0;0.0;0.0;2.0
333;2020-01-21;0;0.0;0.0;0.0;0.0;0.0;0.0;0.0;2.0
332;2020-01-22;0;0.0;0.0;0.0;0.0;0.0;0.0;0.0;2.0
331;2020-01-23;0;0.0;0.0;0.0;0.0;0.0;0.0;0.0;1.0
330;2020-01-24;0;0.0;0.0;0.0;0.0;0.0;0.0;0.0;1.0
329;2020-01-27;0;0.0;0.0;0.0;0.0;0.0;0.0;0.0;0.0
328;2020-01-28;0;0.0;0.0;0.0;0.0;0.0;0.0;0.0;0.0
327;2020-01-29;0;0.0;0.0;0.0;0.0;0.0;0.0;0.0;0.0
326;2020-01-30;0;0.0;0.0;0.0;0.0;0.0;0.0;0.0;0.0
325;2020-01-31;0;0.0;0.0;0.0;0.0;0.0;0.0;0.0;0.0
324;2020-02-03;0;0.0;0.0;0.0;0.0;0.0;0.0;0.0;0.0
323;2020-02-04;0;0.0;0.0;0.0;0.0;0.0;0.0;0.0;0.0
322;2020-02-05;0;0.0;0.0;0.0;0.0;0.0;0.0;0.0;0.0
321;2020-02-06;0;0.0;0.0;0.0;0.0;0.0;0.0;0.0;0.0
320;2020-02-07;0;0.0;0.0;0.0;0.0;0.0;0.0;0.0;0.0
319;2020-02-10;1;1.0;1.0;1.0;1.0;1.0;1.0;1.0;1.0
318;2020-02-11;0;0.0;1.0;1.0;1.0;1.0;1.0;1.0;1.0
317;2020-02-12;0;0.0;0.0;1.0;1.0;1.0;1.0;1.0;1.0
316;2020-02-13;0;0.0;0.0;0.0;1.0;1.0;1.0;1.0;1.0
315;2020-02-14;0;0.0;0.0;0.0;1.0;1.0;1.0;1.0;1.0
314;2020-02-17;0;0.0;0.0;0.0;0.0;1.0;1.0;1.0;1.0
313;2020-02-18;0;0.0;0.0;0.0;0.0;1.0;1.0;1.0;1.0
312;2020-02-19;0;0.0;0.0;0.0;0.0;0.0;1.0;1.0;1.0
311;2020-02-20;0;0.0;0.0;0.0;0.0;0.0;1.0;1.0;1.0
310;2020-02-21;0;0.0;0.0;0.0;0.0;0.0;0.0;1.0;1.0
309;2020-02-26;0;0.0;0.0;0.0;0.0;0.0;0.0;1.0;1.0
308;2020-02-27;0;0.0;0.0;0.0;0.0;0.0;0.0;1.0;1.0
307;2020-02-28;0;0.0;0.0;0.0;0.0;0.0;0.0;1.0;1.0
306;2020-03-02;0;0.0;0.0;0.0;0.0;0.0;0.0;1.0;1.0
305;2020-03-03;0;0.0;0.0;0.0;0.0;0.0;0.0;0.0;1.0
304;2020-03-04;0;0.0;0.0;0.0;0.0;0.0;0.0;0.0;1.0
303;2020-03-05;0;0.0;0.0;0.0;0.0;0.0;0.0;0.0;1.0
302;2020-03-06;0;0.0;0.0;0.0;0.0;0.0;0.0;0.0;1.0
301;2020-03-09;0;0.0;0.0;0.0;0.0;0.0;0.0;0.0;1.0
300;2020-03-10;0;0.0;0.0;0.0;0.0;0.0;0.0;0.0;1.0
299;2020-03-11;0;0.0;0.0;0.0;0.0;0.0;0.0;0.0;1.0
298;2020-03-12;0;0.0;0.0;0.0;0.0;0.0;0.0;0.0;0.0
297;2020-03-13;0;0.0;0.0;0.0;0.0;0.0;0.0;0.0;0.0
296;2020-03-16;0;0.0;0.0;0.0;0.0;0.0;0.0;0.0;0.0
295;2020-03-17;0;0.0;0.0;0.0;0.0;0.0;0.0;0.0;0.0
294;2020-03-18;0;0.0;0.0;0.0;0.0;0.0;0.0;0.0;0.0
293;2020-03-19;0;0.0;0.0;0.0;0.0;0.0;0.0;0.0;0.0
292;2020-03-20;0;0.0;0.0;0.0;0.0;0.0;0.0;0.0;0.0
291;2020-03-23;0;0.0;0.0;0.0;0.0;0.0;0.0;0.0;0.0
290;2020-03-24;0;0.0;0.0;0.0;0.0;0.0;0.0;0.0;0.0
289;2020-03-25;0;0.0;0.0;0.0;0.0;0.0;0.0;0.0;0.0
288;2020-03-26;1;1.0;1.0;1.0;1.0;1.0;1.0;1.0;1.0
287;2020-03-27;0;0.0;1.0;1.0;1.0;1.0;1.0;1.0;1.0
286;2020-03-30;0;0.0;0.0;1.0;1.0;1.0;1.0;1.0;1.0
285;2020-03-31;0;0.0;0.0;0.0;1.0;1.0;1.0;1.0;1.0
284;2020-04-01;0;0.0;0.0;0.0;1.0;1.0;1.0;1.0;1.0
283;2020-04-02;0;0.0;0.0;0.0;0.0;1.0;1.0;1.0;1.0
282;2020-04-03;0;0.0;0.0;0.0;0.0;1.0;1.0;1.0;1.0
281;2020-04-06;0;0.0;0.0;0.0;0.0;0.0;1.0;1.0;1.0
280;2020-04-07;0;0.0;0.0;0.0;0.0;0.0;1.0;1.0;1.0
279;2020-04-08;0;0.0;0.0;0.0;0.0;0.0;0.0;1.0;1.0
278;2020-04-09;0;0.0;0.0;0.0;0.0;0.0;0.0;1.0;1.0
277;2020-04-13;0;0.0;0.0;0.0;0.0;0.0;0.0;1.0;1.0
276;2020-04-14;0;0.0;0.0;0.0;0.0;0.0;0.0;1.0;1.0
275;2020-04-15;0;0.0;0.0;0.0;0.0;0.0;0.0;1.0;1.0
274;2020-04-16;0;0.0;0.0;0.0;0.0;0.0;0.0;0.0;1.0
273;2020-04-17;0;0.0;0.0;0.0;0.0;0.0;0.0;0.0;1.0
272;2020-04-20;0;0.0;0.0;0.0;0.0;0.0;0.0;0.0;1.0
271;2020-04-22;0;0.0;0.0;0.0;0.0;0.0;0.0;0.0;1.0
270;2020-04-23;0;0.0;0.0;0.0;0.0;0.0;0.0;0.0;1.0
269;2020-04-24;0;0.0;0.0;0.0;0.0;0.0;0.0;0.0;1.0
268;2020-04-27;0;0.0;0.0;0.0;0.0;0.0;0.0;0.0;1.0
267;2020-04-28;0;0.0;0.0;0.0;0.0;0.0;0.0;0.0;0.0
266;2020-04-29;0;0.0;0.0;0.0;0.0;0.0;0.0;0.0;0.0
265;2020-04-30;0;0.0;0.0;0.0;0.0;0.0;0.0;0.0;0.0
264;2020-05-04;0;0.0;0.0;0.0;0.0;0.0;0.0;0.0;0.0
263;2020-05-05;0;0.0;0.0;0.0;0.0;0.0;0.0;0.0;0.0
262;2020-05-06;0;0.0;0.0;0.0;0.0;0.0;0.0;0.0;0.0
261;2020-05-07;0;0.0;0.0;0.0;0.0;0.0;0.0;0.0;0.0
260;2020-05-08;0;0.0;0.0;0.0;0.0;0.0;0.0;0.0;0.0
259;2020-05-11;0;0.0;0.0;0.0;0.0;0.0;0.0;0.0;0.0
258;2020-05-12;0;0.0;0.0;0.0;0.0;0.0;0.0;0.0;0.0
257;2020-05-13;0;0.0;0.0;0.0;0.0;0.0;0.0;0.0;0.0
256;2020-05-14;0;0.0;0.0;0.0;0.0;0.0;0.0;0.0;0.0
255;2020-05-15;0;0.0;0.0;0.0;0.0;0.0;0.0;0.0;0.0
254;2020-05-18;0;0.0;0.0;0.0;0.0;0.0;0.0;0.0;0.0
253;2020-05-19;0;0.0;0.0;0.0;0.0;0.0;0.0;0.0;0.0
252;2020-05-20;0;0.0;0.0;0.0;0.0;0.0;0.0;0.0;0.0
251;2020-05-21;0;0.0;0.0;0.0;0.0;0.0;0.0;0.0;0.0
250;2020-05-22;0;0.0;0.0;0.0;0.0;0.0;0.0;0.0;0.0
249;2020-05-25;0;0.0;0.0;0.0;0.0;0.0;0.0;0.0;0.0
248;2020-05-26;0;0.0;0.0;0.0;0.0;0.0;0.0;0.0;0.0
247;2020-05-27;0;0.0;0.0;0.0;0.0;0.0;0.0;0.0;0.0
246;2020-05-28;0;0.0;0.0;0.0;0.0;0.0;0.0;0.0;0.0
245;2020-05-29;0;0.0;0.0;0.0;0.0;0.0;0.0;0.0;0.0
244;2020-06-01;0;0.0;0.0;0.0;0.0;0.0;0.0;0.0;0.0
243;2020-06-02;0;0.0;0.0;0.0;0.0;0.0;0.0;0.0;0.0
242;2020-06-03;0;0.0;0.0;0.0;0.0;0.0;0.0;0.0;0.0
241;2020-06-04;0;0.0;0.0;0.0;0.0;0.0;0.0;0.0;0.0
240;2020-06-05;0;0.0;0.0;0.0;0.0;0.0;0.0;0.0;0.0
239;2020-06-08;0;0.0;0.0;0.0;0.0;0.0;0.0;0.0;0.0
238;2020-06-09;0;0.0;0.0;0.0;0.0;0.0;0.0;0.0;0.0
237;2020-06-10;0;0.0;0.0;0.0;0.0;0.0;0.0;0.0;0.0
236;2020-06-12;0;0.0;0.0;0.0;0.0;0.0;0.0;0.0;0.0
235;2020-06-15;0;0.0;0.0;0.0;0.0;0.0;0.0;0.0;0.0
234;2020-06-16;0;0.0;0.0;0.0;0.0;0.0;0.0;0.0;0.0
233;2020-06-17;0;0.0;0.0;0.0;0.0;0.0;0.0;0.0;0.0
232;2020-06-18;0;0.0;0.0;0.0;0.0;0.0;0.0;0.0;0.0
231;2020-06-19;0;0.0;0.0;0.0;0.0;0.0;0.0;0.0;0.0
230;2020-06-22;0;0.0;0.0;0.0;0.0;0.0;0.0;0.0;0.0
229;2020-06-23;0;0.0;0.0;0.0;0.0;0.0;0.0;0.0;0.0
228;2020-06-24;0;0.0;0.0;0.0;0.0;0.0;0.0;0.0;0.0
227;2020-06-25;0;0.0;0.0;0.0;0.0;0.0;0.0;0.0;0.0
226;2020-06-26;0;0.0;0.0;0.0;0.0;0.0;0.0;0.0;0.0
225;2020-06-29;0;0.0;0.0;0.0;0.0;0.0;0.0;0.0;0.0
224;2020-06-30;0;0.0;0.0;0.0;0.0;0.0;0.0;0.0;0.0
223;2020-07-01;0;0.0;0.0;0.0;0.0;0.0;0.0;0.0;0.0
222;2020-07-02;0;0.0;0.0;0.0;0.0;0.0;0.0;0.0;0.0
221;2020-07-03;0;0.0;0.0;0.0;0.0;0.0;0.0;0.0;0.0
220;2020-07-06;0;0.0;0.0;0.0;0.0;0.0;0.0;0.0;0.0
219;2020-07-07;0;0.0;0.0;0.0;0.0;0.0;0.0;0.0;0.0
218;2020-07-08;1;1.0;1.0;1.0;1.0;1.0;1.0;1.0;1.0
195;2020-08-10;0;0.0;1.0;1.0;1.0;1.0;1.0;1.0;1.0
194;2020-08-11;0;0.0;0.0;1.0;1.0;1.0;1.0;1.0;1.0
193;2020-08-12;1;1.0;1.0;1.0;2.0;2.0;2.0;2.0;2.0
192;2020-08-13;0;0.0;1.0;1.0;2.0;2.0;2.0;2.0;2.0
191;2020-08-14;0;0.0;0.0;1.0;1.0;2.0;2.0;2.0;2.0
190;2020-08-17;0;0.0;0.0;0.0;1.0;2.0;2.0;2.0;2.0
189;2020-08-18;0;0.0;0.0;0.0;1.0;1.0;2.0;2.0;2.0
188;2020-08-19;0;0.0;0.0;0.0;0.0;1.0;2.0;2.0;2.0
187;2020-08-20;0;0.0;0.0;0.0;0.0;1.0;1.0;2.0;2.0
186;2020-08-21;0;0.0;0.0;0.0;0.0;0.0;1.0;2.0;2.0
185;2020-08-24;0;0.0;0.0;0.0;0.0;0.0;1.0;2.0;2.0
184;2020-08-25;0;0.0;0.0;0.0;0.0;0.0;0.0;2.0;2.0
183;2020-08-26;0;0.0;0.0;0.0;0.0;0.0;0.0;2.0;2.0
182;2020-08-27;0;0.0;0.0;0.0;0.0;0.0;0.0;1.0;2.0
181;2020-08-28;0;0.0;0.0;0.0;0.0;0.0;0.0;1.0;2.0
180;2020-08-31;0;0.0;0.0;0.0;0.0;0.0;0.0;1.0;2.0
179;2020-09-01;0;0.0;0.0;0.0;0.0;0.0;0.0;0.0;2.0
178;2020-09-02;0;0.0;0.0;0.0;0.0;0.0;0.0;0.0;2.0
177;2020-09-03;0;0.0;0.0;0.0;0.0;0.0;0.0;0.0;2.0
176;2020-09-04;1;1.0;1.0;1.0;1.0;1.0;1.0;1.0;3.0
175;2020-09-08;0;0.0;1.0;1.0;1.0;1.0;1.0;1.0;2.0
174;2020-09-09;0;0.0;0.0;1.0;1.0;1.0;1.0;1.0;2.0
173;2020-09-10;0;0.0;0.0;0.0;1.0;1.0;1.0;1.0;2.0
172;2020-09-11;0;0.0;0.0;0.0;1.0;1.0;1.0;1.0;1.0
171;2020-09-14;0;0.0;0.0;0.0;0.0;1.0;1.0;1.0;1.0
170;2020-09-15;0;0.0;0.0;0.0;0.0;1.0;1.0;1.0;1.0
169;2020-09-16;0;0.0;0.0;0.0;0.0;0.0;1.0;1.0;1.0
168;2020-09-17;0;0.0;0.0;0.0;0.0;0.0;1.0;1.0;1.0
167;2020-09-18;0;0.0;0.0;0.0;0.0;0.0;0.0;1.0;1.0
166;2020-09-21;0;0.0;0.0;0.0;0.0;0.0;0.0;1.0;1.0
165;2020-09-22;0;0.0;0.0;0.0;0.0;0.0;0.0;1.0;1.0
164;2020-09-23;0;0.0;0.0;0.0;0.0;0.0;0.0;1.0;1.0
163;2020-09-24;0;0.0;0.0;0.0;0.0;0.0;0.0;1.0;1.0
162;2020-09-25;0;0.0;0.0;0.0;0.0;0.0;0.0;0.0;1.0
161;2020-09-28;0;0.0;0.0;0.0;0.0;0.0;0.0;0.0;1.0
160;2020-09-29;0;0.0;0.0;0.0;0.0;0.0;0.0;0.0;1.0
159;2020-09-30;0;0.0;0.0;0.0;0.0;0.0;0.0;0.0;1.0
158;2020-10-01;0;0.0;0.0;0.0;0.0;0.0;0.0;0.0;1.0
157;2020-10-02;0;0.0;0.0;0.0;0.0;0.0;0.0;0.0;1.0
156;2020-10-05;0;0.0;0.0;0.0;0.0;0.0;0.0;0.0;1.0
155;2020-10-06;0;0.0;0.0;0.0;0.0;0.0;0.0;0.0;0.0
154;2020-10-07;0;0.0;0.0;0.0;0.0;0.0;0.0;0.0;0.0
153;2020-10-08;1;1.0;1.0;1.0;1.0;1.0;1.0;1.0;1.0
152;2020-10-09;0;0.0;1.0;1.0;1.0;1.0;1.0;1.0;1.0
151;2020-10-13;0;0.0;0.0;1.0;1.0;1.0;1.0;1.0;1.0
150;2020-10-14;0;0.0;0.0;0.0;1.0;1.0;1.0;1.0;1.0
149;2020-10-15;0;0.0;0.0;0.0;1.0;1.0;1.0;1.0;1.0
148;2020-10-16;0;0.0;0.0;0.0;0.0;1.0;1.0;1.0;1.0
147;2020-10-19;0;0.0;0.0;0.0;0.0;1.0;1.0;1.0;1.0
146;2020-10-20;0;0.0;0.0;0.0;0.0;0.0;1.0;1.0;1.0
145;2020-10-21;0;0.0;0.0;0.0;0.0;0.0;1.0;1.0;1.0
144;2020-10-22;0;0.0;0.0;0.0;0.0;0.0;0.0;1.0;1.0
143;2020-10-23;0;0.0;0.0;0.0;0.0;0.0;0.0;1.0;1.0
142;2020-10-26;0;0.0;0.0;0.0;0.0;0.0;0.0;1.0;1.0
141;2020-10-27;0;0.0;0.0;0.0;0.0;0.0;0.0;1.0;1.0
140;2020-10-28;0;0.0;0.0;0.0;0.0;0.0;0.0;1.0;1.0
139;2020-10-29;0;0.0;0.0;0.0;0.0;0.0;0.0;0.0;1.0
138;2020-10-30;0;0.0;0.0;0.0;0.0;0.0;0.0;0.0;1.0
137;2020-11-03;0;0.0;0.0;0.0;0.0;0.0;0.0;0.0;1.0
136;2020-11-04;1;1.0;1.0;1.0;1.0;1.0;1.0;1.0;2.0
135;2020-11-05;0;0.0;1.0;1.0;1.0;1.0;1.0;1.0;2.0
134;2020-11-06;0;0.0;0.0;1.0;1.0;1.0;1.0;1.0;2.0
133;2020-11-09;0;0.0;0.0;0.0;1.0;1.0;1.0;1.0;2.0
132;2020-11-10;0;0.0;0.0;0.0;1.0;1.0;1.0;1.0;1.0
131;2020-11-11;0;0.0;0.0;0.0;0.0;1.0;1.0;1.0;1.0
130;2020-11-12;0;0.0;0.0;0.0;0.0;1.0;1.0;1.0;1.0
129;2020-11-13;0;0.0;0.0;0.0;0.0;0.0;1.0;1.0;1.0
128;2020-11-16;0;0.0;0.0;0.0;0.0;0.0;1.0;1.0;1.0
127;2020-11-17;0;0.0;0.0;0.0;0.0;0.0;0.0;1.0;1.0
126;2020-11-18;0;0.0;0.0;0.0;0.0;0.0;0.0;1.0;1.0
125;2020-11-19;0;0.0;0.0;0.0;0.0;0.0;0.0;1.0;1.0
124;2020-11-20;0;0.0;0.0;0.0;0.0;0.0;0.0;1.0;1.0
123;2020-11-23;0;0.0;0.0;0.0;0.0;0.0;0.0;1.0;1.0
122;2020-11-24;0;0.0;0.0;0.0;0.0;0.0;0.0;0.0;1.0
121;2020-11-25;0;0.0;0.0;0.0;0.0;0.0;0.0;0.0;1.0
120;2020-11-26;0;0.0;0.0;0.0;0.0;0.0;0.0;0.0;1.0
119;2020-11-27;0;0.0;0.0;0.0;0.0;0.0;0.0;0.0;1.0
118;2020-11-30;0;0.0;0.0;0.0;0.0;0.0;0.0;0.0;1.0
117;2020-12-01;0;0.0;0.0;0.0;0.0;0.0;0.0;0.0;1.0
116;2020-12-02;0;0.0;0.0;0.0;0.0;0.0;0.0;0.0;1.0
115;2020-12-03;0;0.0;0.0;0.0;0.0;0.0;0.0;0.0;0.0
114;2020-12-04;0;0.0;0.0;0.0;0.0;0.0;0.0;0.0;0.0
113;2020-12-07;0;0.0;0.0;0.0;0.0;0.0;0.0;0.0;0.0
112;2020-12-08;0;0.0;0.0;0.0;0.0;0.0;0.0;0.0;0.0
111;2020-12-09;0;0.0;0.0;0.0;0.0;0.0;0.0;0.0;0.0
110;2020-12-10;0;0.0;0.0;0.0;0.0;0.0;0.0;0.0;0.0
109;2020-12-11;0;0.0;0.0;0.0;0.0;0.0;0.0;0.0;0.0
108;2020-12-14;0;0.0;0.0;0.0;0.0;0.0;0.0;0.0;0.0
107;2020-12-15;0;0.0;0.0;0.0;0.0;0.0;0.0;0.0;0.0
106;2020-12-16;0;0.0;0.0;0.0;0.0;0.0;0.0;0.0;0.0
105;2020-12-17;0;0.0;0.0;0.0;0.0;0.0;0.0;0.0;0.0
104;2020-12-18;0;0.0;0.0;0.0;0.0;0.0;0.0;0.0;0.0
103;2020-12-21;0;0.0;0.0;0.0;0.0;0.0;0.0;0.0;0.0
102;2020-12-22;0;0.0;0.0;0.0;0.0;0.0;0.0;0.0;0.0
101;2020-12-23;0;0.0;0.0;0.0;0.0;0.0;0.0;0.0;0.0
100;2020-12-28;0;0.0;0.0;0.0;0.0;0.0;0.0;0.0;0.0
99;2020-12-29;0;0.0;0.0;0.0;0.0;0.0;0.0;0.0;0.0
98;2020-12-30;0;0.0;0.0;0.0;0.0;0.0;0.0;0.0;0.0
97;2021-01-04;0;0.0;0.0;0.0;0.0;0.0;0.0;0.0;0.0
96;2021-01-05;0;0.0;0.0;0.0;0.0;0.0;0.0;0.0;0.0
95;2021-01-06;1;1.0;1.0;1.0;1.0;1.0;1.0;1.0;1.0
94;2021-01-07;0;0.0;1.0;1.0;1.0;1.0;1.0;1.0;1.0
93;2021-01-08;0;0.0;0.0;1.0;1.0;1.0;1.0;1.0;1.0
92;2021-01-11;0;0.0;0.0;0.0;1.0;1.0;1.0;1.0;1.0
91;2021-01-12;0;0.0;0.0;0.0;1.0;1.0;1.0;1.0;1.0
90;2021-01-13;0;0.0;0.0;0.0;0.0;1.0;1.0;1.0;1.0
89;2021-01-14;0;0.0;0.0;0.0;0.0;1.0;1.0;1.0;1.0
88;2021-01-15;0;0.0;0.0;0.0;0.0;0.0;1.0;1.0;1.0
87;2021-01-18;0;0.0;0.0;0.0;0.0;0.0;1.0;1.0;1.0
86;2021-01-19;0;0.0;0.0;0.0;0.0;0.0;0.0;1.0;1.0
85;2021-01-20;0;0.0;0.0;0.0;0.0;0.0;0.0;1.0;1.0
84;2021-01-21;0;0.0;0.0;0.0;0.0;0.0;0.0;1.0;1.0
83;2021-01-22;0;0.0;0.0;0.0;0.0;0.0;0.0;1.0;1.0
82;2021-01-26;0;0.0;0.0;0.0;0.0;0.0;0.0;1.0;1.0
81;2021-01-27;0;0.0;0.0;0.0;0.0;0.0;0.0;0.0;1.0
80;2021-01-28;0;0.0;0.0;0.0;0.0;0.0;0.0;0.0;1.0
79;2021-01-29;0;0.0;0.0;0.0;0.0;0.0;0.0;0.0;1.0
78;2021-02-01;0;0.0;0.0;0.0;0.0;0.0;0.0;0.0;1.0
77;2021-02-02;0;0.0;0.0;0.0;0.0;0.0;0.0;0.0;1.0
76;2021-02-03;0;0.0;0.0;0.0;0.0;0.0;0.0;0.0;1.0
75;2021-02-04;0;0.0;0.0;0.0;0.0;0.0;0.0;0.0;1.0
74;2021-02-05;1;1.0;1.0;1.0;1.0;1.0;1.0;1.0;1.0
73;2021-02-08;0;0.0;1.0;1.0;1.0;1.0;1.0;1.0;1.0
72;2021-02-09;0;0.0;0.0;1.0;1.0;1.0;1.0;1.0;1.0
71;2021-02-10;0;0.0;0.0;0.0;1.0;1.0;1.0;1.0;1.0
70;2021-02-11;0;0.0;0.0;0.0;1.0;1.0;1.0;1.0;1.0
69;2021-02-12;0;0.0;0.0;0.0;0.0;1.0;1.0;1.0;1.0
68;2021-02-17;1;1.0;1.0;1.0;1.0;2.0;2.0;2.0;2.0
67;2021-02-18;0;0.0;1.0;1.0;1.0;1.0;2.0;2.0;2.0
66;2021-02-19;0;0.0;0.0;1.0;1.0;1.0;2.0;2.0;2.0
65;2021-02-22;0;0.0;0.0;0.0;1.0;1.0;1.0;2.0;2.0
64;2021-02-23;0;0.0;0.0;0.0;1.0;1.0;1.0;2.0;2.0
63;2021-02-24;0;0.0;0.0;0.0;0.0;1.0;1.0;2.0;2.0
62;2021-02-25;0;0.0;0.0;0.0;0.0;1.0;1.0;2.0;2.0
61;2021-02-26;0;0.0;0.0;0.0;0.0;0.0;1.0;2.0;2.0
60;2021-03-01;0;0.0;0.0;0.0;0.0;0.0;1.0;1.0;2.0
59;2021-03-02;0;0.0;0.0;0.0;0.0;0.0;0.0;1.0;2.0
58;2021-03-03;0;0.0;0.0;0.0;0.0;0.0;0.0;1.0;2.0
57;2021-03-04;0;0.0;0.0;0.0;0.0;0.0;0.0;1.0;2.0
56;2021-03-05;0;0.0;0.0;0.0;0.0;0.0;0.0;1.0;2.0
55;2021-03-08;0;0.0;0.0;0.0;0.0;0.0;0.0;1.0;2.0
54;2021-03-09;0;0.0;0.0;0.0;0.0;0.0;0.0;0.0;2.0
53;2021-03-10;0;0.0;0.0;0.0;0.0;0.0;0.0;0.0;1.0
52;2021-03-11;1;1.0;1.0;1.0;1.0;1.0;1.0;1.0;2.0
51;2021-03-12;0;0.0;1.0;1.0;1.0;1.0;1.0;1.0;2.0
50;2021-03-15;0;0.0;0.0;1.0;1.0;1.0;1.0;1.0;2.0
49;2021-03-16;0;0.0;0.0;0.0;1.0;1.0;1.0;1.0;2.0
48;2021-03-17;0;0.0;0.0;0.0;1.0;1.0;1.0;1.0;2.0
47;2021-03-18;0;0.0;0.0;0.0;0.0;1.0;1.0;1.0;1.0
46;2021-03-19;0;0.0;0.0;0.0;0.0;1.0;1.0;1.0;1.0
45;2021-03-22;0;0.0;0.0;0.0;0.0;0.0;1.0;1.0;1.0
44;2021-03-23;0;0.0;0.0;0.0;0.0;0.0;1.0;1.0;1.0
43;2021-03-24;0;0.0;0.0;0.0;0.0;0.0;0.0;1.0;1.0
42;2021-03-25;0;0.0;0.0;0.0;0.0;0.0;0.0;1.0;1.0
41;2021-03-26;0;0.0;0.0;0.0;0.0;0.0;0.0;1.0;1.0
40;2021-03-29;0;0.0;0.0;0.0;0.0;0.0;0.0;1.0;1.0
39;2021-03-30;0;0.0;0.0;0.0;0.0;0.0;0.0;1.0;1.0
38;2021-03-31;0;0.0;0.0;0.0;0.0;0.0;0.0;0.0;1.0
37;2021-04-01;0;0.0;0.0;0.0;0.0;0.0;0.0;0.0;1.0
36;2021-04-05;0;0.0;0.0;0.0;0.0;0.0;0.0;0.0;1.0
35;2021-04-06;0;0.0;0.0;0.0;0.0;0.0;0.0;0.0;1.0
34;2021-04-07;0;0.0;0.0;0.0;0.0;0.0;0.0;0.0;1.0
33;2021-04-08;0;0.0;0.0;0.0;0.0;0.0;0.0;0.0;1.0
32;2021-04-09;0;0.0;0.0;0.0;0.0;0.0;0.0;0.0;1.0
31;2021-04-12;0;0.0;0.0;0.0;0.0;0.0;0.0;0.0;0.0
30;2021-04-13;0;0.0;0.0;0.0;0.0;0.0;0.0;0.0;0.0
29;2021-04-14;0;0.0;0.0;0.0;0.0;0.0;0.0;0.0;0.0
28;2021-04-15;0;0.0;0.0;0.0;0.0;0.0;0.0;0.0;0.0
27;2021-04-16;0;0.0;0.0;0.0;0.0;0.0;0.0;0.0;0.0
26;2021-04-19;0;0.0;0.0;0.0;0.0;0.0;0.0;0.0;0.0
25;2021-04-20;0;0.0;0.0;0.0;0.0;0.0;0.0;0.0;0.0
24;2021-04-22;0;0.0;0.0;0.0;0.0;0.0;0.0;0.0;0.0
23;2021-04-23;0;0.0;0.0;0.0;0.0;0.0;0.0;0.0;0.0
22;2021-04-26;0;0.0;0.0;0.0;0.0;0.0;0.0;0.0;0.0
21;2021-04-27;0;0.0;0.0;0.0;0.0;0.0;0.0;0.0;0.0
20;2021-04-28;0;0.0;0.0;0.0;0.0;0.0;0.0;0.0;0.0
19;2021-04-29;0;0.0;0.0;0.0;0.0;0.0;0.0;0.0;0.0
18;2021-04-30;0;0.0;0.0;0.0;0.0;0.0;0.0;0.0;0.0
17;2021-05-03;0;0.0;0.0;0.0;0.0;0.0;0.0;0.0;0.0
16;2021-05-04;0;0.0;0.0;0.0;0.0;0.0;0.0;0.0;0.0
15;2021-05-05;0;0.0;0.0;0.0;0.0;0.0;0.0;0.0;0.0
14;2021-05-06;0;0.0;0.0;0.0;0.0;0.0;0.0;0.0;0.0
13;2021-05-07;1;1.0;1.0;1.0;1.0;1.0;1.0;1.0;1.0
12;2021-05-10;0;0.0;1.0;1.0;1.0;1.0;1.0;1.0;1.0
11;2021-05-11;0;0.0;0.0;1.0;1.0;1.0;1.0;1.0;1.0
10;2021-05-12;0;0.0;0.0;0.0;1.0;1.0;1.0;1.0;1.0
9;2021-05-13;0;0.0;0.0;0.0;1.0;1.0;1.0;1.0;1.0
8;2021-05-14;0;0.0;0.0;0.0;0.0;1.0;1.0;1.0;1.0
7;2021-05-17;0;0.0;0.0;0.0;0.0;1.0;1.0;1.0;1.0
6;2021-05-18;0;0.0;0.0;0.0;0.0;0.0;1.0;1.0;1.0
5;2021-05-19;0;0.0;0.0;0.0;0.0;0.0;1.0;1.0;1.0
4;2021-05-20;0;0.0;0.0;0.0;0.0;0.0;0.0;1.0;1.0
3;2021-05-21;0;0.0;0.0;0.0;0.0;0.0;0.0;1.0;1.0
2;2021-05-24;0;0.0;0.0;0.0;0.0;0.0;0.0;1.0;1.0
1;2021-05-25;0;0.0;0.0;0.0;0.0;0.0;0.0;1.0;1.0
0;2021-05-26;0;0.0;0.0;0.0;0.0;0.0;0.0;1.0;1.0
